case_id,fraud_type,case_title,modus_operandi,fraud_pattern,investigation_summary,entities_involved,risk_indicators,resolution,regulatory_reference,created_at
CASE00000,AML,Fraud Case 0,Synthetic fraud pattern,Shared devices and beneficiaries,Generated case,"Customers, Devices","Velocity, sanctions",Blocked,AML-0,2026-06-08 20:07:51.071977
CASE00001,ATO,Fraud Case 1,Synthetic fraud pattern,Shared devices and beneficiaries,Generated case,"Customers, Devices","Velocity, sanctions",Blocked,AML-1,2026-06-08 20:07:51.071977
CASE00002,Mule,Fraud Case 2,Synthetic fraud pattern,Shared devices and beneficiaries,Generated case,"Customers, Devices","Velocity, sanctions",Blocked,AML-2,2026-06-08 20:07:51.071977
CASE00003,Card,Fraud Case 3,Synthetic fraud pattern,Shared devices and beneficiaries,Generated case,"Customers, Devices","Velocity, sanctions",Blocked,AML-3,2026-06-08 20:07:51.071977
CASE00004,Card,Fraud Case 4,Synthetic fraud pattern,Shared devices and beneficiaries,Generated case,"Customers, Devices","Velocity, sanctions",Blocked,AML-4,2026-06-08 20:07:51.071977
CASE00005,AML,Fraud Case 5,Synthetic fraud pattern,Shared devices and beneficiaries,Generated case,"Customers, Devices","Velocity, sanctions",Blocked,AML-5,2026-06-08 20:07:51.071977
CASE00006,ATO,Fraud Case 6,Synthetic fraud pattern,Shared devices and beneficiaries,Generated case,"Customers, Devices","Velocity, sanctions",Blocked,AML-6,2026-06-08 20:07:51.071977
CASE00007,AML,Fraud Case 7,Synthetic fraud pattern,Shared devices and beneficiaries,Generated case,"Customers, Devices","Velocity, sanctions",Blocked,AML-7,2026-06-08 20:07:51.071977
CASE00008,Card,Fraud Case 8,Synthetic fraud pattern,Shared devices and beneficiaries,Generated case,"Customers, Devices","Velocity, sanctions",Blocked,AML-8,2026-06-08 20:07:51.071977
CASE00009,Card,Fraud Case 9,Synthetic fraud pattern,Shared devices and beneficiaries,Generated case,"Customers, Devices","Velocity, sanctions",Blocked,AML-9,2026-06-08 20:07:51.071977
CASE00010,ATO,Fraud Case 10,Synthetic fraud pattern,Shared devices and beneficiaries,Generated case,"Customers, Devices","Velocity, sanctions",Blocked,AML-10,2026-06-08 20:07:51.071977
CASE00011,Card,Fraud Case 11,Synthetic fraud pattern,Shared devices and beneficiaries,Generated case,"Customers, Devices","Velocity, sanctions",Blocked,AML-11,2026-06-08 20:07:51.071977
CASE00012,AML,Fraud Case 12,Synthetic fraud pattern,Shared devices and beneficiaries,Generated case,"Customers, Devices","Velocity, sanctions",Blocked,AML-12,2026-06-08 20:07:51.071977
CASE00013,AML,Fraud Case 13,Synthetic fraud pattern,Shared devices and beneficiaries,Generated case,"Customers, Devices","Velocity, sanctions",Blocked,AML-13,2026-06-08 20:07:51.071977
CASE00014,Mule,Fraud Case 14,Synthetic fraud pattern,Shared devices and beneficiaries,Generated case,"Customers, Devices","Velocity, sanctions",Blocked,AML-14,2026-06-08 20:07:51.071977
CASE00015,Mule,Fraud Case 15,Synthetic fraud pattern,Shared devices and beneficiaries,Generated case,"Customers, Devices","Velocity, sanctions",Blocked,AML-15,2026-06-08 20:07:51.071977
CASE00016,Card,Fraud Case 16,Synthetic fraud pattern,Shared devices and beneficiaries,Generated case,"Customers, Devices","Velocity, sanctions",Blocked,AML-16,2026-06-08 20:07:51.071977
CASE00017,AML,Fraud Case 17,Synthetic fraud pattern,Shared devices and beneficiaries,Generated case,"Customers, Devices","Velocity, sanctions",Blocked,AML-17,2026-06-08 20:07:51.071977
CASE00018,Mule,Fraud Case 18,Synthetic fraud pattern,Shared devices and beneficiaries,Generated case,"Customers, Devices","Velocity, sanctions",Blocked,AML-18,2026-06-08 20:07:51.071977
CASE00019,Mule,Fraud Case 19,Synthetic fraud pattern,Shared devices and beneficiaries,Generated case,"Customers, Devices","Velocity, sanctions",Blocked,AML-19,2026-06-08 20:07:51.071977
CASE00020,AML,Fraud Case 20,Synthetic fraud pattern,Shared devices and beneficiaries,Generated case,"Customers, Devices","Velocity, sanctions",Blocked,AML-20,2026-06-08 20:07:51.071977
CASE00021,Mule,Fraud Case 21,Synthetic fraud pattern,Shared devices and beneficiaries,Generated case,"Customers, Devices","Velocity, sanctions",Blocked,AML-21,2026-06-08 20:07:51.071977
CASE00022,Mule,Fraud Case 22,Synthetic fraud pattern,Shared devices and beneficiaries,Generated case,"Customers, Devices","Velocity, sanctions",Blocked,AML-22,2026-06-08 20:07:51.071977
CASE00023,Mule,Fraud Case 23,Synthetic fraud pattern,Shared devices and beneficiaries,Generated case,"Customers, Devices","Velocity, sanctions",Blocked,AML-23,2026-06-08 20:07:51.071977
CASE00024,AML,Fraud Case 24,Synthetic fraud pattern,Shared devices and beneficiaries,Generated case,"Customers, Devices","Velocity, sanctions",Blocked,AML-24,2026-06-08 20:07:51.071977
CASE00025,Card,Fraud Case 25,Synthetic fraud pattern,Shared devices and beneficiaries,Generated case,"Customers, Devices","Velocity, sanctions",Blocked,AML-25,2026-06-08 20:07:51.071977
CASE00026,Card,Fraud Case 26,Synthetic fraud pattern,Shared devices and beneficiaries,Generated case,"Customers, Devices","Velocity, sanctions",Blocked,AML-26,2026-06-08 20:07:51.071977
CASE00027,ATO,Fraud Case 27,Synthetic fraud pattern,Shared devices and beneficiaries,Generated case,"Customers, Devices","Velocity, sanctions",Blocked,AML-27,2026-06-08 20:07:51.071977
CASE00028,Card,Fraud Case 28,Synthetic fraud pattern,Shared devices and beneficiaries,Generated case,"Customers, Devices","Velocity, sanctions",Blocked,AML-28,2026-06-08 20:07:51.071977
CASE00029,Card,Fraud Case 29,Synthetic fraud pattern,Shared devices and beneficiaries,Generated case,"Customers, Devices","Velocity, sanctions",Blocked,AML-29,2026-06-08 20:07:51.071977
CASE00030,AML,Fraud Case 30,Synthetic fraud pattern,Shared devices and beneficiaries,Generated case,"Customers, Devices","Velocity, sanctions",Blocked,AML-30,2026-06-08 20:07:51.071977
CASE00031,Mule,Fraud Case 31,Synthetic fraud pattern,Shared devices and beneficiaries,Generated case,"Customers, Devices","Velocity, sanctions",Blocked,AML-31,2026-06-08 20:07:51.071977
CASE00032,Card,Fraud Case 32,Synthetic fraud pattern,Shared devices and beneficiaries,Generated case,"Customers, Devices","Velocity, sanctions",Blocked,AML-32,2026-06-08 20:07:51.071977
CASE00033,Mule,Fraud Case 33,Synthetic fraud pattern,Shared devices and beneficiaries,Generated case,"Customers, Devices","Velocity, sanctions",Blocked,AML-33,2026-06-08 20:07:51.071977
CASE00034,Card,Fraud Case 34,Synthetic fraud pattern,Shared devices and beneficiaries,Generated case,"Customers, Devices","Velocity, sanctions",Blocked,AML-34,2026-06-08 20:07:51.071977
CASE00035,Card,Fraud Case 35,Synthetic fraud pattern,Shared devices and beneficiaries,Generated case,"Customers, Devices","Velocity, sanctions",Blocked,AML-35,2026-06-08 20:07:51.071977
CASE00036,Mule,Fraud Case 36,Synthetic fraud pattern,Shared devices and beneficiaries,Generated case,"Customers, Devices","Velocity, sanctions",Blocked,AML-36,2026-06-08 20:07:51.071977
CASE00037,Mule,Fraud Case 37,Synthetic fraud pattern,Shared devices and beneficiaries,Generated case,"Customers, Devices","Velocity, sanctions",Blocked,AML-37,2026-06-08 20:07:51.071977
CASE00038,Mule,Fraud Case 38,Synthetic fraud pattern,Shared devices and beneficiaries,Generated case,"Customers, Devices","Velocity, sanctions",Blocked,AML-38,2026-06-08 20:07:51.071977
CASE00039,Mule,Fraud Case 39,Synthetic fraud pattern,Shared devices and beneficiaries,Generated case,"Customers, Devices","Velocity, sanctions",Blocked,AML-39,2026-06-08 20:07:51.071977
CASE00040,ATO,Fraud Case 40,Synthetic fraud pattern,Shared devices and beneficiaries,Generated case,"Customers, Devices","Velocity, sanctions",Blocked,AML-40,2026-06-08 20:07:51.071977
CASE00041,Mule,Fraud Case 41,Synthetic fraud pattern,Shared devices and beneficiaries,Generated case,"Customers, Devices","Velocity, sanctions",Blocked,AML-41,2026-06-08 20:07:51.071977
CASE00042,AML,Fraud Case 42,Synthetic fraud pattern,Shared devices and beneficiaries,Generated case,"Customers, Devices","Velocity, sanctions",Blocked,AML-42,2026-06-08 20:07:51.071977
CASE00043,Mule,Fraud Case 43,Synthetic fraud pattern,Shared devices and beneficiaries,Generated case,"Customers, Devices","Velocity, sanctions",Blocked,AML-43,2026-06-08 20:07:51.071977
CASE00044,Card,Fraud Case 44,Synthetic fraud pattern,Shared devices and beneficiaries,Generated case,"Customers, Devices","Velocity, sanctions",Blocked,AML-44,2026-06-08 20:07:51.071977
CASE00045,Card,Fraud Case 45,Synthetic fraud pattern,Shared devices and beneficiaries,Generated case,"Customers, Devices","Velocity, sanctions",Blocked,AML-45,2026-06-08 20:07:51.071977
CASE00046,AML,Fraud Case 46,Synthetic fraud pattern,Shared devices and beneficiaries,Generated case,"Customers, Devices","Velocity, sanctions",Blocked,AML-46,2026-06-08 20:07:51.071977
CASE00047,Mule,Fraud Case 47,Synthetic fraud pattern,Shared devices and beneficiaries,Generated case,"Customers, Devices","Velocity, sanctions",Blocked,AML-47,2026-06-08 20:07:51.071977
CASE00048,Mule,Fraud Case 48,Synthetic fraud pattern,Shared devices and beneficiaries,Generated case,"Customers, Devices","Velocity, sanctions",Blocked,AML-48,2026-06-08 20:07:51.071977
CASE00049,Card,Fraud Case 49,Synthetic fraud pattern,Shared devices and beneficiaries,Generated case,"Customers, Devices","Velocity, sanctions",Blocked,AML-49,2026-06-08 20:07:51.071977
CASE00050,AML,Fraud Case 50,Synthetic fraud pattern,Shared devices and beneficiaries,Generated case,"Customers, Devices","Velocity, sanctions",Blocked,AML-50,2026-06-08 20:07:51.071977
CASE00051,AML,Fraud Case 51,Synthetic fraud pattern,Shared devices and beneficiaries,Generated case,"Customers, Devices","Velocity, sanctions",Blocked,AML-51,2026-06-08 20:07:51.071977
CASE00052,Mule,Fraud Case 52,Synthetic fraud pattern,Shared devices and beneficiaries,Generated case,"Customers, Devices","Velocity, sanctions",Blocked,AML-52,2026-06-08 20:07:51.071977
CASE00053,ATO,Fraud Case 53,Synthetic fraud pattern,Shared devices and beneficiaries,Generated case,"Customers, Devices","Velocity, sanctions",Blocked,AML-53,2026-06-08 20:07:51.071977
CASE00054,AML,Fraud Case 54,Synthetic fraud pattern,Shared devices and beneficiaries,Generated case,"Customers, Devices","Velocity, sanctions",Blocked,AML-54,2026-06-08 20:07:51.071977
CASE00055,Mule,Fraud Case 55,Synthetic fraud pattern,Shared devices and beneficiaries,Generated case,"Customers, Devices","Velocity, sanctions",Blocked,AML-55,2026-06-08 20:07:51.071977
CASE00056,ATO,Fraud Case 56,Synthetic fraud pattern,Shared devices and beneficiaries,Generated case,"Customers, Devices","Velocity, sanctions",Blocked,AML-56,2026-06-08 20:07:51.071977
CASE00057,Mule,Fraud Case 57,Synthetic fraud pattern,Shared devices and beneficiaries,Generated case,"Customers, Devices","Velocity, sanctions",Blocked,AML-57,2026-06-08 20:07:51.071977
CASE00058,Mule,Fraud Case 58,Synthetic fraud pattern,Shared devices and beneficiaries,Generated case,"Customers, Devices","Velocity, sanctions",Blocked,AML-58,2026-06-08 20:07:51.071977
CASE00059,Card,Fraud Case 59,Synthetic fraud pattern,Shared devices and beneficiaries,Generated case,"Customers, Devices","Velocity, sanctions",Blocked,AML-59,2026-06-08 20:07:51.071977
CASE00060,ATO,Fraud Case 60,Synthetic fraud pattern,Shared devices and beneficiaries,Generated case,"Customers, Devices","Velocity, sanctions",Blocked,AML-60,2026-06-08 20:07:51.071977
CASE00061,AML,Fraud Case 61,Synthetic fraud pattern,Shared devices and beneficiaries,Generated case,"Customers, Devices","Velocity, sanctions",Blocked,AML-61,2026-06-08 20:07:51.071977
CASE00062,Mule,Fraud Case 62,Synthetic fraud pattern,Shared devices and beneficiaries,Generated case,"Customers, Devices","Velocity, sanctions",Blocked,AML-62,2026-06-08 20:07:51.071977
CASE00063,Mule,Fraud Case 63,Synthetic fraud pattern,Shared devices and beneficiaries,Generated case,"Customers, Devices","Velocity, sanctions",Blocked,AML-63,2026-06-08 20:07:51.071977
CASE00064,Mule,Fraud Case 64,Synthetic fraud pattern,Shared devices and beneficiaries,Generated case,"Customers, Devices","Velocity, sanctions",Blocked,AML-64,2026-06-08 20:07:51.071977
CASE00065,ATO,Fraud Case 65,Synthetic fraud pattern,Shared devices and beneficiaries,Generated case,"Customers, Devices","Velocity, sanctions",Blocked,AML-65,2026-06-08 20:07:51.071977
CASE00066,AML,Fraud Case 66,Synthetic fraud pattern,Shared devices and beneficiaries,Generated case,"Customers, Devices","Velocity, sanctions",Blocked,AML-66,2026-06-08 20:07:51.071977
CASE00067,AML,Fraud Case 67,Synthetic fraud pattern,Shared devices and beneficiaries,Generated case,"Customers, Devices","Velocity, sanctions",Blocked,AML-67,2026-06-08 20:07:51.071977
CASE00068,AML,Fraud Case 68,Synthetic fraud pattern,Shared devices and beneficiaries,Generated case,"Customers, Devices","Velocity, sanctions",Blocked,AML-68,2026-06-08 20:07:51.071977
CASE00069,Mule,Fraud Case 69,Synthetic fraud pattern,Shared devices and beneficiaries,Generated case,"Customers, Devices","Velocity, sanctions",Blocked,AML-69,2026-06-08 20:07:51.071977
CASE00070,AML,Fraud Case 70,Synthetic fraud pattern,Shared devices and beneficiaries,Generated case,"Customers, Devices","Velocity, sanctions",Blocked,AML-70,2026-06-08 20:07:51.071977
CASE00071,ATO,Fraud Case 71,Synthetic fraud pattern,Shared devices and beneficiaries,Generated case,"Customers, Devices","Velocity, sanctions",Blocked,AML-71,2026-06-08 20:07:51.071977
CASE00072,ATO,Fraud Case 72,Synthetic fraud pattern,Shared devices and beneficiaries,Generated case,"Customers, Devices","Velocity, sanctions",Blocked,AML-72,2026-06-08 20:07:51.071977
CASE00073,AML,Fraud Case 73,Synthetic fraud pattern,Shared devices and beneficiaries,Generated case,"Customers, Devices","Velocity, sanctions",Blocked,AML-73,2026-06-08 20:07:51.071977
CASE00074,Mule,Fraud Case 74,Synthetic fraud pattern,Shared devices and beneficiaries,Generated case,"Customers, Devices","Velocity, sanctions",Blocked,AML-74,2026-06-08 20:07:51.071977
CASE00075,Card,Fraud Case 75,Synthetic fraud pattern,Shared devices and beneficiaries,Generated case,"Customers, Devices","Velocity, sanctions",Blocked,AML-75,2026-06-08 20:07:51.071977
CASE00076,Card,Fraud Case 76,Synthetic fraud pattern,Shared devices and beneficiaries,Generated case,"Customers, Devices","Velocity, sanctions",Blocked,AML-76,2026-06-08 20:07:51.071977
CASE00077,Card,Fraud Case 77,Synthetic fraud pattern,Shared devices and beneficiaries,Generated case,"Customers, Devices","Velocity, sanctions",Blocked,AML-77,2026-06-08 20:07:51.071977
CASE00078,AML,Fraud Case 78,Synthetic fraud pattern,Shared devices and beneficiaries,Generated case,"Customers, Devices","Velocity, sanctions",Blocked,AML-78,2026-06-08 20:07:51.071977
CASE00079,Mule,Fraud Case 79,Synthetic fraud pattern,Shared devices and beneficiaries,Generated case,"Customers, Devices","Velocity, sanctions",Blocked,AML-79,2026-06-08 20:07:51.071977
CASE00080,AML,Fraud Case 80,Synthetic fraud pattern,Shared devices and beneficiaries,Generated case,"Customers, Devices","Velocity, sanctions",Blocked,AML-80,2026-06-08 20:07:51.071977
CASE00081,Card,Fraud Case 81,Synthetic fraud pattern,Shared devices and beneficiaries,Generated case,"Customers, Devices","Velocity, sanctions",Blocked,AML-81,2026-06-08 20:07:51.071977
CASE00082,Card,Fraud Case 82,Synthetic fraud pattern,Shared devices and beneficiaries,Generated case,"Customers, Devices","Velocity, sanctions",Blocked,AML-82,2026-06-08 20:07:51.071977
CASE00083,Mule,Fraud Case 83,Synthetic fraud pattern,Shared devices and beneficiaries,Generated case,"Customers, Devices","Velocity, sanctions",Blocked,AML-83,2026-06-08 20:07:51.071977
CASE00084,Card,Fraud Case 84,Synthetic fraud pattern,Shared devices and beneficiaries,Generated case,"Customers, Devices","Velocity, sanctions",Blocked,AML-84,2026-06-08 20:07:51.071977
CASE00085,ATO,Fraud Case 85,Synthetic fraud pattern,Shared devices and beneficiaries,Generated case,"Customers, Devices","Velocity, sanctions",Blocked,AML-85,2026-06-08 20:07:51.071977
CASE00086,Card,Fraud Case 86,Synthetic fraud pattern,Shared devices and beneficiaries,Generated case,"Customers, Devices","Velocity, sanctions",Blocked,AML-86,2026-06-08 20:07:51.071977
CASE00087,ATO,Fraud Case 87,Synthetic fraud pattern,Shared devices and beneficiaries,Generated case,"Customers, Devices","Velocity, sanctions",Blocked,AML-87,2026-06-08 20:07:51.071977
CASE00088,AML,Fraud Case 88,Synthetic fraud pattern,Shared devices and beneficiaries,Generated case,"Customers, Devices","Velocity, sanctions",Blocked,AML-88,2026-06-08 20:07:51.071977
CASE00089,Card,Fraud Case 89,Synthetic fraud pattern,Shared devices and beneficiaries,Generated case,"Customers, Devices","Velocity, sanctions",Blocked,AML-89,2026-06-08 20:07:51.071977
CASE00090,Mule,Fraud Case 90,Synthetic fraud pattern,Shared devices and beneficiaries,Generated case,"Customers, Devices","Velocity, sanctions",Blocked,AML-90,2026-06-08 20:07:51.071977
CASE00091,Mule,Fraud Case 91,Synthetic fraud pattern,Shared devices and beneficiaries,Generated case,"Customers, Devices","Velocity, sanctions",Blocked,AML-91,2026-06-08 20:07:51.071977
CASE00092,Mule,Fraud Case 92,Synthetic fraud pattern,Shared devices and beneficiaries,Generated case,"Customers, Devices","Velocity, sanctions",Blocked,AML-92,2026-06-08 20:07:51.071977
CASE00093,AML,Fraud Case 93,Synthetic fraud pattern,Shared devices and beneficiaries,Generated case,"Customers, Devices","Velocity, sanctions",Blocked,AML-93,2026-06-08 20:07:51.071977
CASE00094,Mule,Fraud Case 94,Synthetic fraud pattern,Shared devices and beneficiaries,Generated case,"Customers, Devices","Velocity, sanctions",Blocked,AML-94,2026-06-08 20:07:51.071977
CASE00095,Card,Fraud Case 95,Synthetic fraud pattern,Shared devices and beneficiaries,Generated case,"Customers, Devices","Velocity, sanctions",Blocked,AML-95,2026-06-08 20:07:51.071977
CASE00096,ATO,Fraud Case 96,Synthetic fraud pattern,Shared devices and beneficiaries,Generated case,"Customers, Devices","Velocity, sanctions",Blocked,AML-96,2026-06-08 20:07:51.071977
CASE00097,AML,Fraud Case 97,Synthetic fraud pattern,Shared devices and beneficiaries,Generated case,"Customers, Devices","Velocity, sanctions",Blocked,AML-97,2026-06-08 20:07:51.071977
CASE00098,Card,Fraud Case 98,Synthetic fraud pattern,Shared devices and beneficiaries,Generated case,"Customers, Devices","Velocity, sanctions",Blocked,AML-98,2026-06-08 20:07:51.071977
CASE00099,Card,Fraud Case 99,Synthetic fraud pattern,Shared devices and beneficiaries,Generated case,"Customers, Devices","Velocity, sanctions",Blocked,AML-99,2026-06-08 20:07:51.071977
CASE00100,ATO,Fraud Case 100,Synthetic fraud pattern,Shared devices and beneficiaries,Generated case,"Customers, Devices","Velocity, sanctions",Blocked,AML-100,2026-06-08 20:07:51.071977
CASE00101,Mule,Fraud Case 101,Synthetic fraud pattern,Shared devices and beneficiaries,Generated case,"Customers, Devices","Velocity, sanctions",Blocked,AML-101,2026-06-08 20:07:51.071977
CASE00102,AML,Fraud Case 102,Synthetic fraud pattern,Shared devices and beneficiaries,Generated case,"Customers, Devices","Velocity, sanctions",Blocked,AML-102,2026-06-08 20:07:51.071977
CASE00103,ATO,Fraud Case 103,Synthetic fraud pattern,Shared devices and beneficiaries,Generated case,"Customers, Devices","Velocity, sanctions",Blocked,AML-103,2026-06-08 20:07:51.071977
CASE00104,ATO,Fraud Case 104,Synthetic fraud pattern,Shared devices and beneficiaries,Generated case,"Customers, Devices","Velocity, sanctions",Blocked,AML-104,2026-06-08 20:07:51.071977
CASE00105,Mule,Fraud Case 105,Synthetic fraud pattern,Shared devices and beneficiaries,Generated case,"Customers, Devices","Velocity, sanctions",Blocked,AML-105,2026-06-08 20:07:51.071977
CASE00106,Mule,Fraud Case 106,Synthetic fraud pattern,Shared devices and beneficiaries,Generated case,"Customers, Devices","Velocity, sanctions",Blocked,AML-106,2026-06-08 20:07:51.071977
CASE00107,ATO,Fraud Case 107,Synthetic fraud pattern,Shared devices and beneficiaries,Generated case,"Customers, Devices","Velocity, sanctions",Blocked,AML-107,2026-06-08 20:07:51.071977
CASE00108,Mule,Fraud Case 108,Synthetic fraud pattern,Shared devices and beneficiaries,Generated case,"Customers, Devices","Velocity, sanctions",Blocked,AML-108,2026-06-08 20:07:51.071977
CASE00109,Mule,Fraud Case 109,Synthetic fraud pattern,Shared devices and beneficiaries,Generated case,"Customers, Devices","Velocity, sanctions",Blocked,AML-109,2026-06-08 20:07:51.071977
CASE00110,Card,Fraud Case 110,Synthetic fraud pattern,Shared devices and beneficiaries,Generated case,"Customers, Devices","Velocity, sanctions",Blocked,AML-110,2026-06-08 20:07:51.071977
CASE00111,Card,Fraud Case 111,Synthetic fraud pattern,Shared devices and beneficiaries,Generated case,"Customers, Devices","Velocity, sanctions",Blocked,AML-111,2026-06-08 20:07:51.071977
CASE00112,ATO,Fraud Case 112,Synthetic fraud pattern,Shared devices and beneficiaries,Generated case,"Customers, Devices","Velocity, sanctions",Blocked,AML-112,2026-06-08 20:07:51.071977
CASE00113,Mule,Fraud Case 113,Synthetic fraud pattern,Shared devices and beneficiaries,Generated case,"Customers, Devices","Velocity, sanctions",Blocked,AML-113,2026-06-08 20:07:51.071977
CASE00114,ATO,Fraud Case 114,Synthetic fraud pattern,Shared devices and beneficiaries,Generated case,"Customers, Devices","Velocity, sanctions",Blocked,AML-114,2026-06-08 20:07:51.071977
CASE00115,ATO,Fraud Case 115,Synthetic fraud pattern,Shared devices and beneficiaries,Generated case,"Customers, Devices","Velocity, sanctions",Blocked,AML-115,2026-06-08 20:07:51.071977
CASE00116,Card,Fraud Case 116,Synthetic fraud pattern,Shared devices and beneficiaries,Generated case,"Customers, Devices","Velocity, sanctions",Blocked,AML-116,2026-06-08 20:07:51.071977
CASE00117,Mule,Fraud Case 117,Synthetic fraud pattern,Shared devices and beneficiaries,Generated case,"Customers, Devices","Velocity, sanctions",Blocked,AML-117,2026-06-08 20:07:51.071977
CASE00118,AML,Fraud Case 118,Synthetic fraud pattern,Shared devices and beneficiaries,Generated case,"Customers, Devices","Velocity, sanctions",Blocked,AML-118,2026-06-08 20:07:51.071977
CASE00119,ATO,Fraud Case 119,Synthetic fraud pattern,Shared devices and beneficiaries,Generated case,"Customers, Devices","Velocity, sanctions",Blocked,AML-119,2026-06-08 20:07:51.071977
CASE00120,Mule,Fraud Case 120,Synthetic fraud pattern,Shared devices and beneficiaries,Generated case,"Customers, Devices","Velocity, sanctions",Blocked,AML-120,2026-06-08 20:07:51.071977
CASE00121,Mule,Fraud Case 121,Synthetic fraud pattern,Shared devices and beneficiaries,Generated case,"Customers, Devices","Velocity, sanctions",Blocked,AML-121,2026-06-08 20:07:51.071977
CASE00122,Card,Fraud Case 122,Synthetic fraud pattern,Shared devices and beneficiaries,Generated case,"Customers, Devices","Velocity, sanctions",Blocked,AML-122,2026-06-08 20:07:51.071977
CASE00123,AML,Fraud Case 123,Synthetic fraud pattern,Shared devices and beneficiaries,Generated case,"Customers, Devices","Velocity, sanctions",Blocked,AML-123,2026-06-08 20:07:51.071977
CASE00124,ATO,Fraud Case 124,Synthetic fraud pattern,Shared devices and beneficiaries,Generated case,"Customers, Devices","Velocity, sanctions",Blocked,AML-124,2026-06-08 20:07:51.071977
CASE00125,AML,Fraud Case 125,Synthetic fraud pattern,Shared devices and beneficiaries,Generated case,"Customers, Devices","Velocity, sanctions",Blocked,AML-125,2026-06-08 20:07:51.071977
CASE00126,AML,Fraud Case 126,Synthetic fraud pattern,Shared devices and beneficiaries,Generated case,"Customers, Devices","Velocity, sanctions",Blocked,AML-126,2026-06-08 20:07:51.071977
CASE00127,AML,Fraud Case 127,Synthetic fraud pattern,Shared devices and beneficiaries,Generated case,"Customers, Devices","Velocity, sanctions",Blocked,AML-127,2026-06-08 20:07:51.071977
CASE00128,Card,Fraud Case 128,Synthetic fraud pattern,Shared devices and beneficiaries,Generated case,"Customers, Devices","Velocity, sanctions",Blocked,AML-128,2026-06-08 20:07:51.071977
CASE00129,Card,Fraud Case 129,Synthetic fraud pattern,Shared devices and beneficiaries,Generated case,"Customers, Devices","Velocity, sanctions",Blocked,AML-129,2026-06-08 20:07:51.071977
CASE00130,Card,Fraud Case 130,Synthetic fraud pattern,Shared devices and beneficiaries,Generated case,"Customers, Devices","Velocity, sanctions",Blocked,AML-130,2026-06-08 20:07:51.071977
CASE00131,Mule,Fraud Case 131,Synthetic fraud pattern,Shared devices and beneficiaries,Generated case,"Customers, Devices","Velocity, sanctions",Blocked,AML-131,2026-06-08 20:07:51.071977
CASE00132,ATO,Fraud Case 132,Synthetic fraud pattern,Shared devices and beneficiaries,Generated case,"Customers, Devices","Velocity, sanctions",Blocked,AML-132,2026-06-08 20:07:51.071977
CASE00133,Mule,Fraud Case 133,Synthetic fraud pattern,Shared devices and beneficiaries,Generated case,"Customers, Devices","Velocity, sanctions",Blocked,AML-133,2026-06-08 20:07:51.071977
CASE00134,Mule,Fraud Case 134,Synthetic fraud pattern,Shared devices and beneficiaries,Generated case,"Customers, Devices","Velocity, sanctions",Blocked,AML-134,2026-06-08 20:07:51.071977
CASE00135,AML,Fraud Case 135,Synthetic fraud pattern,Shared devices and beneficiaries,Generated case,"Customers, Devices","Velocity, sanctions",Blocked,AML-135,2026-06-08 20:07:51.071977
CASE00136,Mule,Fraud Case 136,Synthetic fraud pattern,Shared devices and beneficiaries,Generated case,"Customers, Devices","Velocity, sanctions",Blocked,AML-136,2026-06-08 20:07:51.071977
CASE00137,AML,Fraud Case 137,Synthetic fraud pattern,Shared devices and beneficiaries,Generated case,"Customers, Devices","Velocity, sanctions",Blocked,AML-137,2026-06-08 20:07:51.071977
CASE00138,ATO,Fraud Case 138,Synthetic fraud pattern,Shared devices and beneficiaries,Generated case,"Customers, Devices","Velocity, sanctions",Blocked,AML-138,2026-06-08 20:07:51.071977
CASE00139,ATO,Fraud Case 139,Synthetic fraud pattern,Shared devices and beneficiaries,Generated case,"Customers, Devices","Velocity, sanctions",Blocked,AML-139,2026-06-08 20:07:51.071977
CASE00140,Mule,Fraud Case 140,Synthetic fraud pattern,Shared devices and beneficiaries,Generated case,"Customers, Devices","Velocity, sanctions",Blocked,AML-140,2026-06-08 20:07:51.071977
CASE00141,AML,Fraud Case 141,Synthetic fraud pattern,Shared devices and beneficiaries,Generated case,"Customers, Devices","Velocity, sanctions",Blocked,AML-141,2026-06-08 20:07:51.071977
CASE00142,Card,Fraud Case 142,Synthetic fraud pattern,Shared devices and beneficiaries,Generated case,"Customers, Devices","Velocity, sanctions",Blocked,AML-142,2026-06-08 20:07:51.071977
CASE00143,ATO,Fraud Case 143,Synthetic fraud pattern,Shared devices and beneficiaries,Generated case,"Customers, Devices","Velocity, sanctions",Blocked,AML-143,2026-06-08 20:07:51.071977
CASE00144,AML,Fraud Case 144,Synthetic fraud pattern,Shared devices and beneficiaries,Generated case,"Customers, Devices","Velocity, sanctions",Blocked,AML-144,2026-06-08 20:07:51.071977
CASE00145,Mule,Fraud Case 145,Synthetic fraud pattern,Shared devices and beneficiaries,Generated case,"Customers, Devices","Velocity, sanctions",Blocked,AML-145,2026-06-08 20:07:51.071977
CASE00146,ATO,Fraud Case 146,Synthetic fraud pattern,Shared devices and beneficiaries,Generated case,"Customers, Devices","Velocity, sanctions",Blocked,AML-146,2026-06-08 20:07:51.071977
CASE00147,ATO,Fraud Case 147,Synthetic fraud pattern,Shared devices and beneficiaries,Generated case,"Customers, Devices","Velocity, sanctions",Blocked,AML-147,2026-06-08 20:07:51.071977
CASE00148,Mule,Fraud Case 148,Synthetic fraud pattern,Shared devices and beneficiaries,Generated case,"Customers, Devices","Velocity, sanctions",Blocked,AML-148,2026-06-08 20:07:51.071977
CASE00149,Mule,Fraud Case 149,Synthetic fraud pattern,Shared devices and beneficiaries,Generated case,"Customers, Devices","Velocity, sanctions",Blocked,AML-149,2026-06-08 20:07:51.071977
CASE00150,ATO,Fraud Case 150,Synthetic fraud pattern,Shared devices and beneficiaries,Generated case,"Customers, Devices","Velocity, sanctions",Blocked,AML-150,2026-06-08 20:07:51.071977
CASE00151,Mule,Fraud Case 151,Synthetic fraud pattern,Shared devices and beneficiaries,Generated case,"Customers, Devices","Velocity, sanctions",Blocked,AML-151,2026-06-08 20:07:51.071977
CASE00152,ATO,Fraud Case 152,Synthetic fraud pattern,Shared devices and beneficiaries,Generated case,"Customers, Devices","Velocity, sanctions",Blocked,AML-152,2026-06-08 20:07:51.071977
CASE00153,Mule,Fraud Case 153,Synthetic fraud pattern,Shared devices and beneficiaries,Generated case,"Customers, Devices","Velocity, sanctions",Blocked,AML-153,2026-06-08 20:07:51.071977
CASE00154,Card,Fraud Case 154,Synthetic fraud pattern,Shared devices and beneficiaries,Generated case,"Customers, Devices","Velocity, sanctions",Blocked,AML-154,2026-06-08 20:07:51.071977
CASE00155,Card,Fraud Case 155,Synthetic fraud pattern,Shared devices and beneficiaries,Generated case,"Customers, Devices","Velocity, sanctions",Blocked,AML-155,2026-06-08 20:07:51.071977
CASE00156,ATO,Fraud Case 156,Synthetic fraud pattern,Shared devices and beneficiaries,Generated case,"Customers, Devices","Velocity, sanctions",Blocked,AML-156,2026-06-08 20:07:51.071977
CASE00157,Card,Fraud Case 157,Synthetic fraud pattern,Shared devices and beneficiaries,Generated case,"Customers, Devices","Velocity, sanctions",Blocked,AML-157,2026-06-08 20:07:51.071977
CASE00158,Card,Fraud Case 158,Synthetic fraud pattern,Shared devices and beneficiaries,Generated case,"Customers, Devices","Velocity, sanctions",Blocked,AML-158,2026-06-08 20:07:51.071977
CASE00159,ATO,Fraud Case 159,Synthetic fraud pattern,Shared devices and beneficiaries,Generated case,"Customers, Devices","Velocity, sanctions",Blocked,AML-159,2026-06-08 20:07:51.071977
CASE00160,ATO,Fraud Case 160,Synthetic fraud pattern,Shared devices and beneficiaries,Generated case,"Customers, Devices","Velocity, sanctions",Blocked,AML-160,2026-06-08 20:07:51.071977
CASE00161,Mule,Fraud Case 161,Synthetic fraud pattern,Shared devices and beneficiaries,Generated case,"Customers, Devices","Velocity, sanctions",Blocked,AML-161,2026-06-08 20:07:51.071977
CASE00162,Mule,Fraud Case 162,Synthetic fraud pattern,Shared devices and beneficiaries,Generated case,"Customers, Devices","Velocity, sanctions",Blocked,AML-162,2026-06-08 20:07:51.071977
CASE00163,ATO,Fraud Case 163,Synthetic fraud pattern,Shared devices and beneficiaries,Generated case,"Customers, Devices","Velocity, sanctions",Blocked,AML-163,2026-06-08 20:07:51.071977
CASE00164,Mule,Fraud Case 164,Synthetic fraud pattern,Shared devices and beneficiaries,Generated case,"Customers, Devices","Velocity, sanctions",Blocked,AML-164,2026-06-08 20:07:51.071977
CASE00165,Mule,Fraud Case 165,Synthetic fraud pattern,Shared devices and beneficiaries,Generated case,"Customers, Devices","Velocity, sanctions",Blocked,AML-165,2026-06-08 20:07:51.071977
CASE00166,Card,Fraud Case 166,Synthetic fraud pattern,Shared devices and beneficiaries,Generated case,"Customers, Devices","Velocity, sanctions",Blocked,AML-166,2026-06-08 20:07:51.071977
CASE00167,AML,Fraud Case 167,Synthetic fraud pattern,Shared devices and beneficiaries,Generated case,"Customers, Devices","Velocity, sanctions",Blocked,AML-167,2026-06-08 20:07:51.071977
CASE00168,Mule,Fraud Case 168,Synthetic fraud pattern,Shared devices and beneficiaries,Generated case,"Customers, Devices","Velocity, sanctions",Blocked,AML-168,2026-06-08 20:07:51.071977
CASE00169,Mule,Fraud Case 169,Synthetic fraud pattern,Shared devices and beneficiaries,Generated case,"Customers, Devices","Velocity, sanctions",Blocked,AML-169,2026-06-08 20:07:51.071977
CASE00170,ATO,Fraud Case 170,Synthetic fraud pattern,Shared devices and beneficiaries,Generated case,"Customers, Devices","Velocity, sanctions",Blocked,AML-170,2026-06-08 20:07:51.071977
CASE00171,Card,Fraud Case 171,Synthetic fraud pattern,Shared devices and beneficiaries,Generated case,"Customers, Devices","Velocity, sanctions",Blocked,AML-171,2026-06-08 20:07:51.071977
CASE00172,Card,Fraud Case 172,Synthetic fraud pattern,Shared devices and beneficiaries,Generated case,"Customers, Devices","Velocity, sanctions",Blocked,AML-172,2026-06-08 20:07:51.071977
CASE00173,ATO,Fraud Case 173,Synthetic fraud pattern,Shared devices and beneficiaries,Generated case,"Customers, Devices","Velocity, sanctions",Blocked,AML-173,2026-06-08 20:07:51.071977
CASE00174,ATO,Fraud Case 174,Synthetic fraud pattern,Shared devices and beneficiaries,Generated case,"Customers, Devices","Velocity, sanctions",Blocked,AML-174,2026-06-08 20:07:51.071977
CASE00175,AML,Fraud Case 175,Synthetic fraud pattern,Shared devices and beneficiaries,Generated case,"Customers, Devices","Velocity, sanctions",Blocked,AML-175,2026-06-08 20:07:51.071977
CASE00176,Mule,Fraud Case 176,Synthetic fraud pattern,Shared devices and beneficiaries,Generated case,"Customers, Devices","Velocity, sanctions",Blocked,AML-176,2026-06-08 20:07:51.071977
CASE00177,ATO,Fraud Case 177,Synthetic fraud pattern,Shared devices and beneficiaries,Generated case,"Customers, Devices","Velocity, sanctions",Blocked,AML-177,2026-06-08 20:07:51.071977
CASE00178,Card,Fraud Case 178,Synthetic fraud pattern,Shared devices and beneficiaries,Generated case,"Customers, Devices","Velocity, sanctions",Blocked,AML-178,2026-06-08 20:07:51.071977
CASE00179,AML,Fraud Case 179,Synthetic fraud pattern,Shared devices and beneficiaries,Generated case,"Customers, Devices","Velocity, sanctions",Blocked,AML-179,2026-06-08 20:07:51.071977
CASE00180,AML,Fraud Case 180,Synthetic fraud pattern,Shared devices and beneficiaries,Generated case,"Customers, Devices","Velocity, sanctions",Blocked,AML-180,2026-06-08 20:07:51.071977
CASE00181,ATO,Fraud Case 181,Synthetic fraud pattern,Shared devices and beneficiaries,Generated case,"Customers, Devices","Velocity, sanctions",Blocked,AML-181,2026-06-08 20:07:51.071977
CASE00182,ATO,Fraud Case 182,Synthetic fraud pattern,Shared devices and beneficiaries,Generated case,"Customers, Devices","Velocity, sanctions",Blocked,AML-182,2026-06-08 20:07:51.071977
CASE00183,ATO,Fraud Case 183,Synthetic fraud pattern,Shared devices and beneficiaries,Generated case,"Customers, Devices","Velocity, sanctions",Blocked,AML-183,2026-06-08 20:07:51.071977
CASE00184,Mule,Fraud Case 184,Synthetic fraud pattern,Shared devices and beneficiaries,Generated case,"Customers, Devices","Velocity, sanctions",Blocked,AML-184,2026-06-08 20:07:51.071977
CASE00185,AML,Fraud Case 185,Synthetic fraud pattern,Shared devices and beneficiaries,Generated case,"Customers, Devices","Velocity, sanctions",Blocked,AML-185,2026-06-08 20:07:51.071977
CASE00186,Mule,Fraud Case 186,Synthetic fraud pattern,Shared devices and beneficiaries,Generated case,"Customers, Devices","Velocity, sanctions",Blocked,AML-186,2026-06-08 20:07:51.071977
CASE00187,ATO,Fraud Case 187,Synthetic fraud pattern,Shared devices and beneficiaries,Generated case,"Customers, Devices","Velocity, sanctions",Blocked,AML-187,2026-06-08 20:07:51.071977
CASE00188,ATO,Fraud Case 188,Synthetic fraud pattern,Shared devices and beneficiaries,Generated case,"Customers, Devices","Velocity, sanctions",Blocked,AML-188,2026-06-08 20:07:51.071977
CASE00189,ATO,Fraud Case 189,Synthetic fraud pattern,Shared devices and beneficiaries,Generated case,"Customers, Devices","Velocity, sanctions",Blocked,AML-189,2026-06-08 20:07:51.071977
CASE00190,Mule,Fraud Case 190,Synthetic fraud pattern,Shared devices and beneficiaries,Generated case,"Customers, Devices","Velocity, sanctions",Blocked,AML-190,2026-06-08 20:07:51.071977
CASE00191,Card,Fraud Case 191,Synthetic fraud pattern,Shared devices and beneficiaries,Generated case,"Customers, Devices","Velocity, sanctions",Blocked,AML-191,2026-06-08 20:07:51.071977
CASE00192,Card,Fraud Case 192,Synthetic fraud pattern,Shared devices and beneficiaries,Generated case,"Customers, Devices","Velocity, sanctions",Blocked,AML-192,2026-06-08 20:07:51.071977
CASE00193,Card,Fraud Case 193,Synthetic fraud pattern,Shared devices and beneficiaries,Generated case,"Customers, Devices","Velocity, sanctions",Blocked,AML-193,2026-06-08 20:07:51.071977
CASE00194,Mule,Fraud Case 194,Synthetic fraud pattern,Shared devices and beneficiaries,Generated case,"Customers, Devices","Velocity, sanctions",Blocked,AML-194,2026-06-08 20:07:51.071977
CASE00195,ATO,Fraud Case 195,Synthetic fraud pattern,Shared devices and beneficiaries,Generated case,"Customers, Devices","Velocity, sanctions",Blocked,AML-195,2026-06-08 20:07:51.071977
CASE00196,Card,Fraud Case 196,Synthetic fraud pattern,Shared devices and beneficiaries,Generated case,"Customers, Devices","Velocity, sanctions",Blocked,AML-196,2026-06-08 20:07:51.071977
CASE00197,ATO,Fraud Case 197,Synthetic fraud pattern,Shared devices and beneficiaries,Generated case,"Customers, Devices","Velocity, sanctions",Blocked,AML-197,2026-06-08 20:07:51.071977
CASE00198,AML,Fraud Case 198,Synthetic fraud pattern,Shared devices and beneficiaries,Generated case,"Customers, Devices","Velocity, sanctions",Blocked,AML-198,2026-06-08 20:07:51.071977
CASE00199,AML,Fraud Case 199,Synthetic fraud pattern,Shared devices and beneficiaries,Generated case,"Customers, Devices","Velocity, sanctions",Blocked,AML-199,2026-06-08 20:07:51.071977
CASE00200,Mule,Fraud Case 200,Synthetic fraud pattern,Shared devices and beneficiaries,Generated case,"Customers, Devices","Velocity, sanctions",Blocked,AML-200,2026-06-08 20:07:51.071977
CASE00201,Card,Fraud Case 201,Synthetic fraud pattern,Shared devices and beneficiaries,Generated case,"Customers, Devices","Velocity, sanctions",Blocked,AML-201,2026-06-08 20:07:51.071977
CASE00202,Mule,Fraud Case 202,Synthetic fraud pattern,Shared devices and beneficiaries,Generated case,"Customers, Devices","Velocity, sanctions",Blocked,AML-202,2026-06-08 20:07:51.071977
CASE00203,ATO,Fraud Case 203,Synthetic fraud pattern,Shared devices and beneficiaries,Generated case,"Customers, Devices","Velocity, sanctions",Blocked,AML-203,2026-06-08 20:07:51.071977
CASE00204,Mule,Fraud Case 204,Synthetic fraud pattern,Shared devices and beneficiaries,Generated case,"Customers, Devices","Velocity, sanctions",Blocked,AML-204,2026-06-08 20:07:51.071977
CASE00205,AML,Fraud Case 205,Synthetic fraud pattern,Shared devices and beneficiaries,Generated case,"Customers, Devices","Velocity, sanctions",Blocked,AML-205,2026-06-08 20:07:51.071977
CASE00206,AML,Fraud Case 206,Synthetic fraud pattern,Shared devices and beneficiaries,Generated case,"Customers, Devices","Velocity, sanctions",Blocked,AML-206,2026-06-08 20:07:51.071977
CASE00207,Card,Fraud Case 207,Synthetic fraud pattern,Shared devices and beneficiaries,Generated case,"Customers, Devices","Velocity, sanctions",Blocked,AML-207,2026-06-08 20:07:51.071977
CASE00208,AML,Fraud Case 208,Synthetic fraud pattern,Shared devices and beneficiaries,Generated case,"Customers, Devices","Velocity, sanctions",Blocked,AML-208,2026-06-08 20:07:51.071977
CASE00209,ATO,Fraud Case 209,Synthetic fraud pattern,Shared devices and beneficiaries,Generated case,"Customers, Devices","Velocity, sanctions",Blocked,AML-209,2026-06-08 20:07:51.071977
CASE00210,Mule,Fraud Case 210,Synthetic fraud pattern,Shared devices and beneficiaries,Generated case,"Customers, Devices","Velocity, sanctions",Blocked,AML-210,2026-06-08 20:07:51.071977
CASE00211,Mule,Fraud Case 211,Synthetic fraud pattern,Shared devices and beneficiaries,Generated case,"Customers, Devices","Velocity, sanctions",Blocked,AML-211,2026-06-08 20:07:51.071977
CASE00212,Mule,Fraud Case 212,Synthetic fraud pattern,Shared devices and beneficiaries,Generated case,"Customers, Devices","Velocity, sanctions",Blocked,AML-212,2026-06-08 20:07:51.071977
CASE00213,ATO,Fraud Case 213,Synthetic fraud pattern,Shared devices and beneficiaries,Generated case,"Customers, Devices","Velocity, sanctions",Blocked,AML-213,2026-06-08 20:07:51.071977
CASE00214,AML,Fraud Case 214,Synthetic fraud pattern,Shared devices and beneficiaries,Generated case,"Customers, Devices","Velocity, sanctions",Blocked,AML-214,2026-06-08 20:07:51.071977
CASE00215,Card,Fraud Case 215,Synthetic fraud pattern,Shared devices and beneficiaries,Generated case,"Customers, Devices","Velocity, sanctions",Blocked,AML-215,2026-06-08 20:07:51.071977
CASE00216,Card,Fraud Case 216,Synthetic fraud pattern,Shared devices and beneficiaries,Generated case,"Customers, Devices","Velocity, sanctions",Blocked,AML-216,2026-06-08 20:07:51.071977
CASE00217,AML,Fraud Case 217,Synthetic fraud pattern,Shared devices and beneficiaries,Generated case,"Customers, Devices","Velocity, sanctions",Blocked,AML-217,2026-06-08 20:07:51.071977
CASE00218,AML,Fraud Case 218,Synthetic fraud pattern,Shared devices and beneficiaries,Generated case,"Customers, Devices","Velocity, sanctions",Blocked,AML-218,2026-06-08 20:07:51.071977
CASE00219,AML,Fraud Case 219,Synthetic fraud pattern,Shared devices and beneficiaries,Generated case,"Customers, Devices","Velocity, sanctions",Blocked,AML-219,2026-06-08 20:07:51.071977
CASE00220,Mule,Fraud Case 220,Synthetic fraud pattern,Shared devices and beneficiaries,Generated case,"Customers, Devices","Velocity, sanctions",Blocked,AML-220,2026-06-08 20:07:51.071977
CASE00221,ATO,Fraud Case 221,Synthetic fraud pattern,Shared devices and beneficiaries,Generated case,"Customers, Devices","Velocity, sanctions",Blocked,AML-221,2026-06-08 20:07:51.071977
CASE00222,Card,Fraud Case 222,Synthetic fraud pattern,Shared devices and beneficiaries,Generated case,"Customers, Devices","Velocity, sanctions",Blocked,AML-222,2026-06-08 20:07:51.071977
CASE00223,ATO,Fraud Case 223,Synthetic fraud pattern,Shared devices and beneficiaries,Generated case,"Customers, Devices","Velocity, sanctions",Blocked,AML-223,2026-06-08 20:07:51.071977
CASE00224,ATO,Fraud Case 224,Synthetic fraud pattern,Shared devices and beneficiaries,Generated case,"Customers, Devices","Velocity, sanctions",Blocked,AML-224,2026-06-08 20:07:51.071977
CASE00225,ATO,Fraud Case 225,Synthetic fraud pattern,Shared devices and beneficiaries,Generated case,"Customers, Devices","Velocity, sanctions",Blocked,AML-225,2026-06-08 20:07:51.071977
CASE00226,ATO,Fraud Case 226,Synthetic fraud pattern,Shared devices and beneficiaries,Generated case,"Customers, Devices","Velocity, sanctions",Blocked,AML-226,2026-06-08 20:07:51.071977
CASE00227,Card,Fraud Case 227,Synthetic fraud pattern,Shared devices and beneficiaries,Generated case,"Customers, Devices","Velocity, sanctions",Blocked,AML-227,2026-06-08 20:07:51.071977
CASE00228,Card,Fraud Case 228,Synthetic fraud pattern,Shared devices and beneficiaries,Generated case,"Customers, Devices","Velocity, sanctions",Blocked,AML-228,2026-06-08 20:07:51.071977
CASE00229,ATO,Fraud Case 229,Synthetic fraud pattern,Shared devices and beneficiaries,Generated case,"Customers, Devices","Velocity, sanctions",Blocked,AML-229,2026-06-08 20:07:51.071977
CASE00230,Mule,Fraud Case 230,Synthetic fraud pattern,Shared devices and beneficiaries,Generated case,"Customers, Devices","Velocity, sanctions",Blocked,AML-230,2026-06-08 20:07:51.071977
CASE00231,Card,Fraud Case 231,Synthetic fraud pattern,Shared devices and beneficiaries,Generated case,"Customers, Devices","Velocity, sanctions",Blocked,AML-231,2026-06-08 20:07:51.071977
CASE00232,AML,Fraud Case 232,Synthetic fraud pattern,Shared devices and beneficiaries,Generated case,"Customers, Devices","Velocity, sanctions",Blocked,AML-232,2026-06-08 20:07:51.071977
CASE00233,Mule,Fraud Case 233,Synthetic fraud pattern,Shared devices and beneficiaries,Generated case,"Customers, Devices","Velocity, sanctions",Blocked,AML-233,2026-06-08 20:07:51.071977
CASE00234,Card,Fraud Case 234,Synthetic fraud pattern,Shared devices and beneficiaries,Generated case,"Customers, Devices","Velocity, sanctions",Blocked,AML-234,2026-06-08 20:07:51.071977
CASE00235,ATO,Fraud Case 235,Synthetic fraud pattern,Shared devices and beneficiaries,Generated case,"Customers, Devices","Velocity, sanctions",Blocked,AML-235,2026-06-08 20:07:51.071977
CASE00236,AML,Fraud Case 236,Synthetic fraud pattern,Shared devices and beneficiaries,Generated case,"Customers, Devices","Velocity, sanctions",Blocked,AML-236,2026-06-08 20:07:51.071977
CASE00237,ATO,Fraud Case 237,Synthetic fraud pattern,Shared devices and beneficiaries,Generated case,"Customers, Devices","Velocity, sanctions",Blocked,AML-237,2026-06-08 20:07:51.071977
CASE00238,Mule,Fraud Case 238,Synthetic fraud pattern,Shared devices and beneficiaries,Generated case,"Customers, Devices","Velocity, sanctions",Blocked,AML-238,2026-06-08 20:07:51.071977
CASE00239,Card,Fraud Case 239,Synthetic fraud pattern,Shared devices and beneficiaries,Generated case,"Customers, Devices","Velocity, sanctions",Blocked,AML-239,2026-06-08 20:07:51.071977
CASE00240,Mule,Fraud Case 240,Synthetic fraud pattern,Shared devices and beneficiaries,Generated case,"Customers, Devices","Velocity, sanctions",Blocked,AML-240,2026-06-08 20:07:51.071977
CASE00241,ATO,Fraud Case 241,Synthetic fraud pattern,Shared devices and beneficiaries,Generated case,"Customers, Devices","Velocity, sanctions",Blocked,AML-241,2026-06-08 20:07:51.071977
CASE00242,Card,Fraud Case 242,Synthetic fraud pattern,Shared devices and beneficiaries,Generated case,"Customers, Devices","Velocity, sanctions",Blocked,AML-242,2026-06-08 20:07:51.071977
CASE00243,Card,Fraud Case 243,Synthetic fraud pattern,Shared devices and beneficiaries,Generated case,"Customers, Devices","Velocity, sanctions",Blocked,AML-243,2026-06-08 20:07:51.071977
CASE00244,Mule,Fraud Case 244,Synthetic fraud pattern,Shared devices and beneficiaries,Generated case,"Customers, Devices","Velocity, sanctions",Blocked,AML-244,2026-06-08 20:07:51.071977
CASE00245,Card,Fraud Case 245,Synthetic fraud pattern,Shared devices and beneficiaries,Generated case,"Customers, Devices","Velocity, sanctions",Blocked,AML-245,2026-06-08 20:07:51.071977
CASE00246,Mule,Fraud Case 246,Synthetic fraud pattern,Shared devices and beneficiaries,Generated case,"Customers, Devices","Velocity, sanctions",Blocked,AML-246,2026-06-08 20:07:51.071977
CASE00247,AML,Fraud Case 247,Synthetic fraud pattern,Shared devices and beneficiaries,Generated case,"Customers, Devices","Velocity, sanctions",Blocked,AML-247,2026-06-08 20:07:51.071977
CASE00248,Mule,Fraud Case 248,Synthetic fraud pattern,Shared devices and beneficiaries,Generated case,"Customers, Devices","Velocity, sanctions",Blocked,AML-248,2026-06-08 20:07:51.071977
CASE00249,Mule,Fraud Case 249,Synthetic fraud pattern,Shared devices and beneficiaries,Generated case,"Customers, Devices","Velocity, sanctions",Blocked,AML-249,2026-06-08 20:07:51.071977
CASE00250,Mule,Fraud Case 250,Synthetic fraud pattern,Shared devices and beneficiaries,Generated case,"Customers, Devices","Velocity, sanctions",Blocked,AML-250,2026-06-08 20:07:51.071977
CASE00251,ATO,Fraud Case 251,Synthetic fraud pattern,Shared devices and beneficiaries,Generated case,"Customers, Devices","Velocity, sanctions",Blocked,AML-251,2026-06-08 20:07:51.071977
CASE00252,Card,Fraud Case 252,Synthetic fraud pattern,Shared devices and beneficiaries,Generated case,"Customers, Devices","Velocity, sanctions",Blocked,AML-252,2026-06-08 20:07:51.071977
CASE00253,ATO,Fraud Case 253,Synthetic fraud pattern,Shared devices and beneficiaries,Generated case,"Customers, Devices","Velocity, sanctions",Blocked,AML-253,2026-06-08 20:07:51.071977
CASE00254,Card,Fraud Case 254,Synthetic fraud pattern,Shared devices and beneficiaries,Generated case,"Customers, Devices","Velocity, sanctions",Blocked,AML-254,2026-06-08 20:07:51.071977
CASE00255,AML,Fraud Case 255,Synthetic fraud pattern,Shared devices and beneficiaries,Generated case,"Customers, Devices","Velocity, sanctions",Blocked,AML-255,2026-06-08 20:07:51.071977
CASE00256,Mule,Fraud Case 256,Synthetic fraud pattern,Shared devices and beneficiaries,Generated case,"Customers, Devices","Velocity, sanctions",Blocked,AML-256,2026-06-08 20:07:51.071977
CASE00257,AML,Fraud Case 257,Synthetic fraud pattern,Shared devices and beneficiaries,Generated case,"Customers, Devices","Velocity, sanctions",Blocked,AML-257,2026-06-08 20:07:51.071977
CASE00258,ATO,Fraud Case 258,Synthetic fraud pattern,Shared devices and beneficiaries,Generated case,"Customers, Devices","Velocity, sanctions",Blocked,AML-258,2026-06-08 20:07:51.071977
CASE00259,ATO,Fraud Case 259,Synthetic fraud pattern,Shared devices and beneficiaries,Generated case,"Customers, Devices","Velocity, sanctions",Blocked,AML-259,2026-06-08 20:07:51.071977
CASE00260,ATO,Fraud Case 260,Synthetic fraud pattern,Shared devices and beneficiaries,Generated case,"Customers, Devices","Velocity, sanctions",Blocked,AML-260,2026-06-08 20:07:51.071977
CASE00261,AML,Fraud Case 261,Synthetic fraud pattern,Shared devices and beneficiaries,Generated case,"Customers, Devices","Velocity, sanctions",Blocked,AML-261,2026-06-08 20:07:51.071977
CASE00262,AML,Fraud Case 262,Synthetic fraud pattern,Shared devices and beneficiaries,Generated case,"Customers, Devices","Velocity, sanctions",Blocked,AML-262,2026-06-08 20:07:51.071977
CASE00263,ATO,Fraud Case 263,Synthetic fraud pattern,Shared devices and beneficiaries,Generated case,"Customers, Devices","Velocity, sanctions",Blocked,AML-263,2026-06-08 20:07:51.071977
CASE00264,Card,Fraud Case 264,Synthetic fraud pattern,Shared devices and beneficiaries,Generated case,"Customers, Devices","Velocity, sanctions",Blocked,AML-264,2026-06-08 20:07:51.071977
CASE00265,Mule,Fraud Case 265,Synthetic fraud pattern,Shared devices and beneficiaries,Generated case,"Customers, Devices","Velocity, sanctions",Blocked,AML-265,2026-06-08 20:07:51.071977
CASE00266,ATO,Fraud Case 266,Synthetic fraud pattern,Shared devices and beneficiaries,Generated case,"Customers, Devices","Velocity, sanctions",Blocked,AML-266,2026-06-08 20:07:51.071977
CASE00267,AML,Fraud Case 267,Synthetic fraud pattern,Shared devices and beneficiaries,Generated case,"Customers, Devices","Velocity, sanctions",Blocked,AML-267,2026-06-08 20:07:51.071977
CASE00268,AML,Fraud Case 268,Synthetic fraud pattern,Shared devices and beneficiaries,Generated case,"Customers, Devices","Velocity, sanctions",Blocked,AML-268,2026-06-08 20:07:51.071977
CASE00269,ATO,Fraud Case 269,Synthetic fraud pattern,Shared devices and beneficiaries,Generated case,"Customers, Devices","Velocity, sanctions",Blocked,AML-269,2026-06-08 20:07:51.071977
CASE00270,AML,Fraud Case 270,Synthetic fraud pattern,Shared devices and beneficiaries,Generated case,"Customers, Devices","Velocity, sanctions",Blocked,AML-270,2026-06-08 20:07:51.071977
CASE00271,AML,Fraud Case 271,Synthetic fraud pattern,Shared devices and beneficiaries,Generated case,"Customers, Devices","Velocity, sanctions",Blocked,AML-271,2026-06-08 20:07:51.071977
CASE00272,Mule,Fraud Case 272,Synthetic fraud pattern,Shared devices and beneficiaries,Generated case,"Customers, Devices","Velocity, sanctions",Blocked,AML-272,2026-06-08 20:07:51.071977
CASE00273,Card,Fraud Case 273,Synthetic fraud pattern,Shared devices and beneficiaries,Generated case,"Customers, Devices","Velocity, sanctions",Blocked,AML-273,2026-06-08 20:07:51.071977
CASE00274,Card,Fraud Case 274,Synthetic fraud pattern,Shared devices and beneficiaries,Generated case,"Customers, Devices","Velocity, sanctions",Blocked,AML-274,2026-06-08 20:07:51.071977
CASE00275,Card,Fraud Case 275,Synthetic fraud pattern,Shared devices and beneficiaries,Generated case,"Customers, Devices","Velocity, sanctions",Blocked,AML-275,2026-06-08 20:07:51.071977
CASE00276,Mule,Fraud Case 276,Synthetic fraud pattern,Shared devices and beneficiaries,Generated case,"Customers, Devices","Velocity, sanctions",Blocked,AML-276,2026-06-08 20:07:51.071977
CASE00277,Card,Fraud Case 277,Synthetic fraud pattern,Shared devices and beneficiaries,Generated case,"Customers, Devices","Velocity, sanctions",Blocked,AML-277,2026-06-08 20:07:51.071977
CASE00278,ATO,Fraud Case 278,Synthetic fraud pattern,Shared devices and beneficiaries,Generated case,"Customers, Devices","Velocity, sanctions",Blocked,AML-278,2026-06-08 20:07:51.071977
CASE00279,Mule,Fraud Case 279,Synthetic fraud pattern,Shared devices and beneficiaries,Generated case,"Customers, Devices","Velocity, sanctions",Blocked,AML-279,2026-06-08 20:07:51.071977
CASE00280,Mule,Fraud Case 280,Synthetic fraud pattern,Shared devices and beneficiaries,Generated case,"Customers, Devices","Velocity, sanctions",Blocked,AML-280,2026-06-08 20:07:51.071977
CASE00281,ATO,Fraud Case 281,Synthetic fraud pattern,Shared devices and beneficiaries,Generated case,"Customers, Devices","Velocity, sanctions",Blocked,AML-281,2026-06-08 20:07:51.071977
CASE00282,Card,Fraud Case 282,Synthetic fraud pattern,Shared devices and beneficiaries,Generated case,"Customers, Devices","Velocity, sanctions",Blocked,AML-282,2026-06-08 20:07:51.071977
CASE00283,Card,Fraud Case 283,Synthetic fraud pattern,Shared devices and beneficiaries,Generated case,"Customers, Devices","Velocity, sanctions",Blocked,AML-283,2026-06-08 20:07:51.071977
CASE00284,AML,Fraud Case 284,Synthetic fraud pattern,Shared devices and beneficiaries,Generated case,"Customers, Devices","Velocity, sanctions",Blocked,AML-284,2026-06-08 20:07:51.071977
CASE00285,Card,Fraud Case 285,Synthetic fraud pattern,Shared devices and beneficiaries,Generated case,"Customers, Devices","Velocity, sanctions",Blocked,AML-285,2026-06-08 20:07:51.071977
CASE00286,ATO,Fraud Case 286,Synthetic fraud pattern,Shared devices and beneficiaries,Generated case,"Customers, Devices","Velocity, sanctions",Blocked,AML-286,2026-06-08 20:07:51.071977
CASE00287,Mule,Fraud Case 287,Synthetic fraud pattern,Shared devices and beneficiaries,Generated case,"Customers, Devices","Velocity, sanctions",Blocked,AML-287,2026-06-08 20:07:51.071977
CASE00288,AML,Fraud Case 288,Synthetic fraud pattern,Shared devices and beneficiaries,Generated case,"Customers, Devices","Velocity, sanctions",Blocked,AML-288,2026-06-08 20:07:51.071977
CASE00289,Card,Fraud Case 289,Synthetic fraud pattern,Shared devices and beneficiaries,Generated case,"Customers, Devices","Velocity, sanctions",Blocked,AML-289,2026-06-08 20:07:51.071977
CASE00290,ATO,Fraud Case 290,Synthetic fraud pattern,Shared devices and beneficiaries,Generated case,"Customers, Devices","Velocity, sanctions",Blocked,AML-290,2026-06-08 20:07:51.071977
CASE00291,Mule,Fraud Case 291,Synthetic fraud pattern,Shared devices and beneficiaries,Generated case,"Customers, Devices","Velocity, sanctions",Blocked,AML-291,2026-06-08 20:07:51.071977
CASE00292,AML,Fraud Case 292,Synthetic fraud pattern,Shared devices and beneficiaries,Generated case,"Customers, Devices","Velocity, sanctions",Blocked,AML-292,2026-06-08 20:07:51.071977
CASE00293,AML,Fraud Case 293,Synthetic fraud pattern,Shared devices and beneficiaries,Generated case,"Customers, Devices","Velocity, sanctions",Blocked,AML-293,2026-06-08 20:07:51.071977
CASE00294,Mule,Fraud Case 294,Synthetic fraud pattern,Shared devices and beneficiaries,Generated case,"Customers, Devices","Velocity, sanctions",Blocked,AML-294,2026-06-08 20:07:51.071977
CASE00295,ATO,Fraud Case 295,Synthetic fraud pattern,Shared devices and beneficiaries,Generated case,"Customers, Devices","Velocity, sanctions",Blocked,AML-295,2026-06-08 20:07:51.071977
CASE00296,AML,Fraud Case 296,Synthetic fraud pattern,Shared devices and beneficiaries,Generated case,"Customers, Devices","Velocity, sanctions",Blocked,AML-296,2026-06-08 20:07:51.071977
CASE00297,Mule,Fraud Case 297,Synthetic fraud pattern,Shared devices and beneficiaries,Generated case,"Customers, Devices","Velocity, sanctions",Blocked,AML-297,2026-06-08 20:07:51.071977
CASE00298,Mule,Fraud Case 298,Synthetic fraud pattern,Shared devices and beneficiaries,Generated case,"Customers, Devices","Velocity, sanctions",Blocked,AML-298,2026-06-08 20:07:51.071977
CASE00299,ATO,Fraud Case 299,Synthetic fraud pattern,Shared devices and beneficiaries,Generated case,"Customers, Devices","Velocity, sanctions",Blocked,AML-299,2026-06-08 20:07:51.071977
CASE00300,ATO,Fraud Case 300,Synthetic fraud pattern,Shared devices and beneficiaries,Generated case,"Customers, Devices","Velocity, sanctions",Blocked,AML-300,2026-06-08 20:07:51.071977
CASE00301,AML,Fraud Case 301,Synthetic fraud pattern,Shared devices and beneficiaries,Generated case,"Customers, Devices","Velocity, sanctions",Blocked,AML-301,2026-06-08 20:07:51.071977
CASE00302,Card,Fraud Case 302,Synthetic fraud pattern,Shared devices and beneficiaries,Generated case,"Customers, Devices","Velocity, sanctions",Blocked,AML-302,2026-06-08 20:07:51.071977
CASE00303,Mule,Fraud Case 303,Synthetic fraud pattern,Shared devices and beneficiaries,Generated case,"Customers, Devices","Velocity, sanctions",Blocked,AML-303,2026-06-08 20:07:51.071977
CASE00304,Mule,Fraud Case 304,Synthetic fraud pattern,Shared devices and beneficiaries,Generated case,"Customers, Devices","Velocity, sanctions",Blocked,AML-304,2026-06-08 20:07:51.071977
CASE00305,AML,Fraud Case 305,Synthetic fraud pattern,Shared devices and beneficiaries,Generated case,"Customers, Devices","Velocity, sanctions",Blocked,AML-305,2026-06-08 20:07:51.071977
CASE00306,ATO,Fraud Case 306,Synthetic fraud pattern,Shared devices and beneficiaries,Generated case,"Customers, Devices","Velocity, sanctions",Blocked,AML-306,2026-06-08 20:07:51.071977
CASE00307,Card,Fraud Case 307,Synthetic fraud pattern,Shared devices and beneficiaries,Generated case,"Customers, Devices","Velocity, sanctions",Blocked,AML-307,2026-06-08 20:07:51.071977
CASE00308,Card,Fraud Case 308,Synthetic fraud pattern,Shared devices and beneficiaries,Generated case,"Customers, Devices","Velocity, sanctions",Blocked,AML-308,2026-06-08 20:07:51.071977
CASE00309,ATO,Fraud Case 309,Synthetic fraud pattern,Shared devices and beneficiaries,Generated case,"Customers, Devices","Velocity, sanctions",Blocked,AML-309,2026-06-08 20:07:51.071977
CASE00310,Mule,Fraud Case 310,Synthetic fraud pattern,Shared devices and beneficiaries,Generated case,"Customers, Devices","Velocity, sanctions",Blocked,AML-310,2026-06-08 20:07:51.071977
CASE00311,Card,Fraud Case 311,Synthetic fraud pattern,Shared devices and beneficiaries,Generated case,"Customers, Devices","Velocity, sanctions",Blocked,AML-311,2026-06-08 20:07:51.071977
CASE00312,ATO,Fraud Case 312,Synthetic fraud pattern,Shared devices and beneficiaries,Generated case,"Customers, Devices","Velocity, sanctions",Blocked,AML-312,2026-06-08 20:07:51.071977
CASE00313,Mule,Fraud Case 313,Synthetic fraud pattern,Shared devices and beneficiaries,Generated case,"Customers, Devices","Velocity, sanctions",Blocked,AML-313,2026-06-08 20:07:51.071977
CASE00314,ATO,Fraud Case 314,Synthetic fraud pattern,Shared devices and beneficiaries,Generated case,"Customers, Devices","Velocity, sanctions",Blocked,AML-314,2026-06-08 20:07:51.071977
CASE00315,Mule,Fraud Case 315,Synthetic fraud pattern,Shared devices and beneficiaries,Generated case,"Customers, Devices","Velocity, sanctions",Blocked,AML-315,2026-06-08 20:07:51.071977
CASE00316,AML,Fraud Case 316,Synthetic fraud pattern,Shared devices and beneficiaries,Generated case,"Customers, Devices","Velocity, sanctions",Blocked,AML-316,2026-06-08 20:07:51.071977
CASE00317,Card,Fraud Case 317,Synthetic fraud pattern,Shared devices and beneficiaries,Generated case,"Customers, Devices","Velocity, sanctions",Blocked,AML-317,2026-06-08 20:07:51.071977
CASE00318,AML,Fraud Case 318,Synthetic fraud pattern,Shared devices and beneficiaries,Generated case,"Customers, Devices","Velocity, sanctions",Blocked,AML-318,2026-06-08 20:07:51.071977
CASE00319,Mule,Fraud Case 319,Synthetic fraud pattern,Shared devices and beneficiaries,Generated case,"Customers, Devices","Velocity, sanctions",Blocked,AML-319,2026-06-08 20:07:51.071977
CASE00320,ATO,Fraud Case 320,Synthetic fraud pattern,Shared devices and beneficiaries,Generated case,"Customers, Devices","Velocity, sanctions",Blocked,AML-320,2026-06-08 20:07:51.071977
CASE00321,AML,Fraud Case 321,Synthetic fraud pattern,Shared devices and beneficiaries,Generated case,"Customers, Devices","Velocity, sanctions",Blocked,AML-321,2026-06-08 20:07:51.071977
CASE00322,Card,Fraud Case 322,Synthetic fraud pattern,Shared devices and beneficiaries,Generated case,"Customers, Devices","Velocity, sanctions",Blocked,AML-322,2026-06-08 20:07:51.071977
CASE00323,ATO,Fraud Case 323,Synthetic fraud pattern,Shared devices and beneficiaries,Generated case,"Customers, Devices","Velocity, sanctions",Blocked,AML-323,2026-06-08 20:07:51.071977
CASE00324,ATO,Fraud Case 324,Synthetic fraud pattern,Shared devices and beneficiaries,Generated case,"Customers, Devices","Velocity, sanctions",Blocked,AML-324,2026-06-08 20:07:51.071977
CASE00325,Card,Fraud Case 325,Synthetic fraud pattern,Shared devices and beneficiaries,Generated case,"Customers, Devices","Velocity, sanctions",Blocked,AML-325,2026-06-08 20:07:51.071977
CASE00326,Mule,Fraud Case 326,Synthetic fraud pattern,Shared devices and beneficiaries,Generated case,"Customers, Devices","Velocity, sanctions",Blocked,AML-326,2026-06-08 20:07:51.071977
CASE00327,Mule,Fraud Case 327,Synthetic fraud pattern,Shared devices and beneficiaries,Generated case,"Customers, Devices","Velocity, sanctions",Blocked,AML-327,2026-06-08 20:07:51.071977
CASE00328,Mule,Fraud Case 328,Synthetic fraud pattern,Shared devices and beneficiaries,Generated case,"Customers, Devices","Velocity, sanctions",Blocked,AML-328,2026-06-08 20:07:51.071977
CASE00329,ATO,Fraud Case 329,Synthetic fraud pattern,Shared devices and beneficiaries,Generated case,"Customers, Devices","Velocity, sanctions",Blocked,AML-329,2026-06-08 20:07:51.071977
CASE00330,AML,Fraud Case 330,Synthetic fraud pattern,Shared devices and beneficiaries,Generated case,"Customers, Devices","Velocity, sanctions",Blocked,AML-330,2026-06-08 20:07:51.071977
CASE00331,Mule,Fraud Case 331,Synthetic fraud pattern,Shared devices and beneficiaries,Generated case,"Customers, Devices","Velocity, sanctions",Blocked,AML-331,2026-06-08 20:07:51.071977
CASE00332,Card,Fraud Case 332,Synthetic fraud pattern,Shared devices and beneficiaries,Generated case,"Customers, Devices","Velocity, sanctions",Blocked,AML-332,2026-06-08 20:07:51.071977
CASE00333,Card,Fraud Case 333,Synthetic fraud pattern,Shared devices and beneficiaries,Generated case,"Customers, Devices","Velocity, sanctions",Blocked,AML-333,2026-06-08 20:07:51.071977
CASE00334,AML,Fraud Case 334,Synthetic fraud pattern,Shared devices and beneficiaries,Generated case,"Customers, Devices","Velocity, sanctions",Blocked,AML-334,2026-06-08 20:07:51.071977
CASE00335,Card,Fraud Case 335,Synthetic fraud pattern,Shared devices and beneficiaries,Generated case,"Customers, Devices","Velocity, sanctions",Blocked,AML-335,2026-06-08 20:07:51.071977
CASE00336,ATO,Fraud Case 336,Synthetic fraud pattern,Shared devices and beneficiaries,Generated case,"Customers, Devices","Velocity, sanctions",Blocked,AML-336,2026-06-08 20:07:51.071977
CASE00337,Mule,Fraud Case 337,Synthetic fraud pattern,Shared devices and beneficiaries,Generated case,"Customers, Devices","Velocity, sanctions",Blocked,AML-337,2026-06-08 20:07:51.071977
CASE00338,Card,Fraud Case 338,Synthetic fraud pattern,Shared devices and beneficiaries,Generated case,"Customers, Devices","Velocity, sanctions",Blocked,AML-338,2026-06-08 20:07:51.071977
CASE00339,ATO,Fraud Case 339,Synthetic fraud pattern,Shared devices and beneficiaries,Generated case,"Customers, Devices","Velocity, sanctions",Blocked,AML-339,2026-06-08 20:07:51.071977
CASE00340,Card,Fraud Case 340,Synthetic fraud pattern,Shared devices and beneficiaries,Generated case,"Customers, Devices","Velocity, sanctions",Blocked,AML-340,2026-06-08 20:07:51.071977
CASE00341,Card,Fraud Case 341,Synthetic fraud pattern,Shared devices and beneficiaries,Generated case,"Customers, Devices","Velocity, sanctions",Blocked,AML-341,2026-06-08 20:07:51.071977
CASE00342,ATO,Fraud Case 342,Synthetic fraud pattern,Shared devices and beneficiaries,Generated case,"Customers, Devices","Velocity, sanctions",Blocked,AML-342,2026-06-08 20:07:51.071977
CASE00343,AML,Fraud Case 343,Synthetic fraud pattern,Shared devices and beneficiaries,Generated case,"Customers, Devices","Velocity, sanctions",Blocked,AML-343,2026-06-08 20:07:51.071977
CASE00344,Mule,Fraud Case 344,Synthetic fraud pattern,Shared devices and beneficiaries,Generated case,"Customers, Devices","Velocity, sanctions",Blocked,AML-344,2026-06-08 20:07:51.071977
CASE00345,Mule,Fraud Case 345,Synthetic fraud pattern,Shared devices and beneficiaries,Generated case,"Customers, Devices","Velocity, sanctions",Blocked,AML-345,2026-06-08 20:07:51.071977
CASE00346,Card,Fraud Case 346,Synthetic fraud pattern,Shared devices and beneficiaries,Generated case,"Customers, Devices","Velocity, sanctions",Blocked,AML-346,2026-06-08 20:07:51.071977
CASE00347,Card,Fraud Case 347,Synthetic fraud pattern,Shared devices and beneficiaries,Generated case,"Customers, Devices","Velocity, sanctions",Blocked,AML-347,2026-06-08 20:07:51.071977
CASE00348,AML,Fraud Case 348,Synthetic fraud pattern,Shared devices and beneficiaries,Generated case,"Customers, Devices","Velocity, sanctions",Blocked,AML-348,2026-06-08 20:07:51.071977
CASE00349,AML,Fraud Case 349,Synthetic fraud pattern,Shared devices and beneficiaries,Generated case,"Customers, Devices","Velocity, sanctions",Blocked,AML-349,2026-06-08 20:07:51.071977
CASE00350,ATO,Fraud Case 350,Synthetic fraud pattern,Shared devices and beneficiaries,Generated case,"Customers, Devices","Velocity, sanctions",Blocked,AML-350,2026-06-08 20:07:51.071977
CASE00351,ATO,Fraud Case 351,Synthetic fraud pattern,Shared devices and beneficiaries,Generated case,"Customers, Devices","Velocity, sanctions",Blocked,AML-351,2026-06-08 20:07:51.071977
CASE00352,AML,Fraud Case 352,Synthetic fraud pattern,Shared devices and beneficiaries,Generated case,"Customers, Devices","Velocity, sanctions",Blocked,AML-352,2026-06-08 20:07:51.071977
CASE00353,ATO,Fraud Case 353,Synthetic fraud pattern,Shared devices and beneficiaries,Generated case,"Customers, Devices","Velocity, sanctions",Blocked,AML-353,2026-06-08 20:07:51.071977
CASE00354,Card,Fraud Case 354,Synthetic fraud pattern,Shared devices and beneficiaries,Generated case,"Customers, Devices","Velocity, sanctions",Blocked,AML-354,2026-06-08 20:07:51.071977
CASE00355,Card,Fraud Case 355,Synthetic fraud pattern,Shared devices and beneficiaries,Generated case,"Customers, Devices","Velocity, sanctions",Blocked,AML-355,2026-06-08 20:07:51.071977
CASE00356,AML,Fraud Case 356,Synthetic fraud pattern,Shared devices and beneficiaries,Generated case,"Customers, Devices","Velocity, sanctions",Blocked,AML-356,2026-06-08 20:07:51.071977
CASE00357,Mule,Fraud Case 357,Synthetic fraud pattern,Shared devices and beneficiaries,Generated case,"Customers, Devices","Velocity, sanctions",Blocked,AML-357,2026-06-08 20:07:51.071977
CASE00358,AML,Fraud Case 358,Synthetic fraud pattern,Shared devices and beneficiaries,Generated case,"Customers, Devices","Velocity, sanctions",Blocked,AML-358,2026-06-08 20:07:51.071977
CASE00359,ATO,Fraud Case 359,Synthetic fraud pattern,Shared devices and beneficiaries,Generated case,"Customers, Devices","Velocity, sanctions",Blocked,AML-359,2026-06-08 20:07:51.071977
CASE00360,Mule,Fraud Case 360,Synthetic fraud pattern,Shared devices and beneficiaries,Generated case,"Customers, Devices","Velocity, sanctions",Blocked,AML-360,2026-06-08 20:07:51.071977
CASE00361,AML,Fraud Case 361,Synthetic fraud pattern,Shared devices and beneficiaries,Generated case,"Customers, Devices","Velocity, sanctions",Blocked,AML-361,2026-06-08 20:07:51.071977
CASE00362,AML,Fraud Case 362,Synthetic fraud pattern,Shared devices and beneficiaries,Generated case,"Customers, Devices","Velocity, sanctions",Blocked,AML-362,2026-06-08 20:07:51.071977
CASE00363,Card,Fraud Case 363,Synthetic fraud pattern,Shared devices and beneficiaries,Generated case,"Customers, Devices","Velocity, sanctions",Blocked,AML-363,2026-06-08 20:07:51.071977
CASE00364,Mule,Fraud Case 364,Synthetic fraud pattern,Shared devices and beneficiaries,Generated case,"Customers, Devices","Velocity, sanctions",Blocked,AML-364,2026-06-08 20:07:51.071977
CASE00365,Card,Fraud Case 365,Synthetic fraud pattern,Shared devices and beneficiaries,Generated case,"Customers, Devices","Velocity, sanctions",Blocked,AML-365,2026-06-08 20:07:51.071977
CASE00366,ATO,Fraud Case 366,Synthetic fraud pattern,Shared devices and beneficiaries,Generated case,"Customers, Devices","Velocity, sanctions",Blocked,AML-366,2026-06-08 20:07:51.071977
CASE00367,Mule,Fraud Case 367,Synthetic fraud pattern,Shared devices and beneficiaries,Generated case,"Customers, Devices","Velocity, sanctions",Blocked,AML-367,2026-06-08 20:07:51.071977
CASE00368,Card,Fraud Case 368,Synthetic fraud pattern,Shared devices and beneficiaries,Generated case,"Customers, Devices","Velocity, sanctions",Blocked,AML-368,2026-06-08 20:07:51.071977
CASE00369,Card,Fraud Case 369,Synthetic fraud pattern,Shared devices and beneficiaries,Generated case,"Customers, Devices","Velocity, sanctions",Blocked,AML-369,2026-06-08 20:07:51.071977
CASE00370,ATO,Fraud Case 370,Synthetic fraud pattern,Shared devices and beneficiaries,Generated case,"Customers, Devices","Velocity, sanctions",Blocked,AML-370,2026-06-08 20:07:51.071977
CASE00371,Mule,Fraud Case 371,Synthetic fraud pattern,Shared devices and beneficiaries,Generated case,"Customers, Devices","Velocity, sanctions",Blocked,AML-371,2026-06-08 20:07:51.071977
CASE00372,AML,Fraud Case 372,Synthetic fraud pattern,Shared devices and beneficiaries,Generated case,"Customers, Devices","Velocity, sanctions",Blocked,AML-372,2026-06-08 20:07:51.071977
CASE00373,Card,Fraud Case 373,Synthetic fraud pattern,Shared devices and beneficiaries,Generated case,"Customers, Devices","Velocity, sanctions",Blocked,AML-373,2026-06-08 20:07:51.071977
CASE00374,Mule,Fraud Case 374,Synthetic fraud pattern,Shared devices and beneficiaries,Generated case,"Customers, Devices","Velocity, sanctions",Blocked,AML-374,2026-06-08 20:07:51.071977
CASE00375,AML,Fraud Case 375,Synthetic fraud pattern,Shared devices and beneficiaries,Generated case,"Customers, Devices","Velocity, sanctions",Blocked,AML-375,2026-06-08 20:07:51.071977
CASE00376,ATO,Fraud Case 376,Synthetic fraud pattern,Shared devices and beneficiaries,Generated case,"Customers, Devices","Velocity, sanctions",Blocked,AML-376,2026-06-08 20:07:51.071977
CASE00377,Card,Fraud Case 377,Synthetic fraud pattern,Shared devices and beneficiaries,Generated case,"Customers, Devices","Velocity, sanctions",Blocked,AML-377,2026-06-08 20:07:51.071977
CASE00378,Mule,Fraud Case 378,Synthetic fraud pattern,Shared devices and beneficiaries,Generated case,"Customers, Devices","Velocity, sanctions",Blocked,AML-378,2026-06-08 20:07:51.071977
CASE00379,AML,Fraud Case 379,Synthetic fraud pattern,Shared devices and beneficiaries,Generated case,"Customers, Devices","Velocity, sanctions",Blocked,AML-379,2026-06-08 20:07:51.071977
CASE00380,Mule,Fraud Case 380,Synthetic fraud pattern,Shared devices and beneficiaries,Generated case,"Customers, Devices","Velocity, sanctions",Blocked,AML-380,2026-06-08 20:07:51.071977
CASE00381,Mule,Fraud Case 381,Synthetic fraud pattern,Shared devices and beneficiaries,Generated case,"Customers, Devices","Velocity, sanctions",Blocked,AML-381,2026-06-08 20:07:51.071977
CASE00382,AML,Fraud Case 382,Synthetic fraud pattern,Shared devices and beneficiaries,Generated case,"Customers, Devices","Velocity, sanctions",Blocked,AML-382,2026-06-08 20:07:51.071977
CASE00383,Card,Fraud Case 383,Synthetic fraud pattern,Shared devices and beneficiaries,Generated case,"Customers, Devices","Velocity, sanctions",Blocked,AML-383,2026-06-08 20:07:51.071977
CASE00384,Mule,Fraud Case 384,Synthetic fraud pattern,Shared devices and beneficiaries,Generated case,"Customers, Devices","Velocity, sanctions",Blocked,AML-384,2026-06-08 20:07:51.071977
CASE00385,AML,Fraud Case 385,Synthetic fraud pattern,Shared devices and beneficiaries,Generated case,"Customers, Devices","Velocity, sanctions",Blocked,AML-385,2026-06-08 20:07:51.071977
CASE00386,ATO,Fraud Case 386,Synthetic fraud pattern,Shared devices and beneficiaries,Generated case,"Customers, Devices","Velocity, sanctions",Blocked,AML-386,2026-06-08 20:07:51.071977
CASE00387,ATO,Fraud Case 387,Synthetic fraud pattern,Shared devices and beneficiaries,Generated case,"Customers, Devices","Velocity, sanctions",Blocked,AML-387,2026-06-08 20:07:51.071977
CASE00388,AML,Fraud Case 388,Synthetic fraud pattern,Shared devices and beneficiaries,Generated case,"Customers, Devices","Velocity, sanctions",Blocked,AML-388,2026-06-08 20:07:51.071977
CASE00389,ATO,Fraud Case 389,Synthetic fraud pattern,Shared devices and beneficiaries,Generated case,"Customers, Devices","Velocity, sanctions",Blocked,AML-389,2026-06-08 20:07:51.071977
CASE00390,Card,Fraud Case 390,Synthetic fraud pattern,Shared devices and beneficiaries,Generated case,"Customers, Devices","Velocity, sanctions",Blocked,AML-390,2026-06-08 20:07:51.071977
CASE00391,Mule,Fraud Case 391,Synthetic fraud pattern,Shared devices and beneficiaries,Generated case,"Customers, Devices","Velocity, sanctions",Blocked,AML-391,2026-06-08 20:07:51.071977
CASE00392,Mule,Fraud Case 392,Synthetic fraud pattern,Shared devices and beneficiaries,Generated case,"Customers, Devices","Velocity, sanctions",Blocked,AML-392,2026-06-08 20:07:51.071977
CASE00393,Mule,Fraud Case 393,Synthetic fraud pattern,Shared devices and beneficiaries,Generated case,"Customers, Devices","Velocity, sanctions",Blocked,AML-393,2026-06-08 20:07:51.071977
CASE00394,ATO,Fraud Case 394,Synthetic fraud pattern,Shared devices and beneficiaries,Generated case,"Customers, Devices","Velocity, sanctions",Blocked,AML-394,2026-06-08 20:07:51.071977
CASE00395,ATO,Fraud Case 395,Synthetic fraud pattern,Shared devices and beneficiaries,Generated case,"Customers, Devices","Velocity, sanctions",Blocked,AML-395,2026-06-08 20:07:51.071977
CASE00396,Mule,Fraud Case 396,Synthetic fraud pattern,Shared devices and beneficiaries,Generated case,"Customers, Devices","Velocity, sanctions",Blocked,AML-396,2026-06-08 20:07:51.071977
CASE00397,AML,Fraud Case 397,Synthetic fraud pattern,Shared devices and beneficiaries,Generated case,"Customers, Devices","Velocity, sanctions",Blocked,AML-397,2026-06-08 20:07:51.071977
CASE00398,ATO,Fraud Case 398,Synthetic fraud pattern,Shared devices and beneficiaries,Generated case,"Customers, Devices","Velocity, sanctions",Blocked,AML-398,2026-06-08 20:07:51.071977
CASE00399,Card,Fraud Case 399,Synthetic fraud pattern,Shared devices and beneficiaries,Generated case,"Customers, Devices","Velocity, sanctions",Blocked,AML-399,2026-06-08 20:07:51.071977
CASE00400,Mule,Fraud Case 400,Synthetic fraud pattern,Shared devices and beneficiaries,Generated case,"Customers, Devices","Velocity, sanctions",Blocked,AML-400,2026-06-08 20:07:51.071977
CASE00401,Card,Fraud Case 401,Synthetic fraud pattern,Shared devices and beneficiaries,Generated case,"Customers, Devices","Velocity, sanctions",Blocked,AML-401,2026-06-08 20:07:51.071977
CASE00402,AML,Fraud Case 402,Synthetic fraud pattern,Shared devices and beneficiaries,Generated case,"Customers, Devices","Velocity, sanctions",Blocked,AML-402,2026-06-08 20:07:51.071977
CASE00403,ATO,Fraud Case 403,Synthetic fraud pattern,Shared devices and beneficiaries,Generated case,"Customers, Devices","Velocity, sanctions",Blocked,AML-403,2026-06-08 20:07:51.071977
CASE00404,AML,Fraud Case 404,Synthetic fraud pattern,Shared devices and beneficiaries,Generated case,"Customers, Devices","Velocity, sanctions",Blocked,AML-404,2026-06-08 20:07:51.071977
CASE00405,AML,Fraud Case 405,Synthetic fraud pattern,Shared devices and beneficiaries,Generated case,"Customers, Devices","Velocity, sanctions",Blocked,AML-405,2026-06-08 20:07:51.071977
CASE00406,AML,Fraud Case 406,Synthetic fraud pattern,Shared devices and beneficiaries,Generated case,"Customers, Devices","Velocity, sanctions",Blocked,AML-406,2026-06-08 20:07:51.071977
CASE00407,ATO,Fraud Case 407,Synthetic fraud pattern,Shared devices and beneficiaries,Generated case,"Customers, Devices","Velocity, sanctions",Blocked,AML-407,2026-06-08 20:07:51.071977
CASE00408,Mule,Fraud Case 408,Synthetic fraud pattern,Shared devices and beneficiaries,Generated case,"Customers, Devices","Velocity, sanctions",Blocked,AML-408,2026-06-08 20:07:51.071977
CASE00409,Mule,Fraud Case 409,Synthetic fraud pattern,Shared devices and beneficiaries,Generated case,"Customers, Devices","Velocity, sanctions",Blocked,AML-409,2026-06-08 20:07:51.071977
CASE00410,Mule,Fraud Case 410,Synthetic fraud pattern,Shared devices and beneficiaries,Generated case,"Customers, Devices","Velocity, sanctions",Blocked,AML-410,2026-06-08 20:07:51.071977
CASE00411,Mule,Fraud Case 411,Synthetic fraud pattern,Shared devices and beneficiaries,Generated case,"Customers, Devices","Velocity, sanctions",Blocked,AML-411,2026-06-08 20:07:51.071977
CASE00412,Mule,Fraud Case 412,Synthetic fraud pattern,Shared devices and beneficiaries,Generated case,"Customers, Devices","Velocity, sanctions",Blocked,AML-412,2026-06-08 20:07:51.071977
CASE00413,AML,Fraud Case 413,Synthetic fraud pattern,Shared devices and beneficiaries,Generated case,"Customers, Devices","Velocity, sanctions",Blocked,AML-413,2026-06-08 20:07:51.071977
CASE00414,ATO,Fraud Case 414,Synthetic fraud pattern,Shared devices and beneficiaries,Generated case,"Customers, Devices","Velocity, sanctions",Blocked,AML-414,2026-06-08 20:07:51.071977
CASE00415,ATO,Fraud Case 415,Synthetic fraud pattern,Shared devices and beneficiaries,Generated case,"Customers, Devices","Velocity, sanctions",Blocked,AML-415,2026-06-08 20:07:51.071977
CASE00416,Mule,Fraud Case 416,Synthetic fraud pattern,Shared devices and beneficiaries,Generated case,"Customers, Devices","Velocity, sanctions",Blocked,AML-416,2026-06-08 20:07:51.071977
CASE00417,Card,Fraud Case 417,Synthetic fraud pattern,Shared devices and beneficiaries,Generated case,"Customers, Devices","Velocity, sanctions",Blocked,AML-417,2026-06-08 20:07:51.071977
CASE00418,Mule,Fraud Case 418,Synthetic fraud pattern,Shared devices and beneficiaries,Generated case,"Customers, Devices","Velocity, sanctions",Blocked,AML-418,2026-06-08 20:07:51.071977
CASE00419,Card,Fraud Case 419,Synthetic fraud pattern,Shared devices and beneficiaries,Generated case,"Customers, Devices","Velocity, sanctions",Blocked,AML-419,2026-06-08 20:07:51.071977
CASE00420,Mule,Fraud Case 420,Synthetic fraud pattern,Shared devices and beneficiaries,Generated case,"Customers, Devices","Velocity, sanctions",Blocked,AML-420,2026-06-08 20:07:51.071977
CASE00421,AML,Fraud Case 421,Synthetic fraud pattern,Shared devices and beneficiaries,Generated case,"Customers, Devices","Velocity, sanctions",Blocked,AML-421,2026-06-08 20:07:51.071977
CASE00422,ATO,Fraud Case 422,Synthetic fraud pattern,Shared devices and beneficiaries,Generated case,"Customers, Devices","Velocity, sanctions",Blocked,AML-422,2026-06-08 20:07:51.071977
CASE00423,Card,Fraud Case 423,Synthetic fraud pattern,Shared devices and beneficiaries,Generated case,"Customers, Devices","Velocity, sanctions",Blocked,AML-423,2026-06-08 20:07:51.071977
CASE00424,AML,Fraud Case 424,Synthetic fraud pattern,Shared devices and beneficiaries,Generated case,"Customers, Devices","Velocity, sanctions",Blocked,AML-424,2026-06-08 20:07:51.071977
CASE00425,Mule,Fraud Case 425,Synthetic fraud pattern,Shared devices and beneficiaries,Generated case,"Customers, Devices","Velocity, sanctions",Blocked,AML-425,2026-06-08 20:07:51.071977
CASE00426,AML,Fraud Case 426,Synthetic fraud pattern,Shared devices and beneficiaries,Generated case,"Customers, Devices","Velocity, sanctions",Blocked,AML-426,2026-06-08 20:07:51.071977
CASE00427,Mule,Fraud Case 427,Synthetic fraud pattern,Shared devices and beneficiaries,Generated case,"Customers, Devices","Velocity, sanctions",Blocked,AML-427,2026-06-08 20:07:51.071977
CASE00428,AML,Fraud Case 428,Synthetic fraud pattern,Shared devices and beneficiaries,Generated case,"Customers, Devices","Velocity, sanctions",Blocked,AML-428,2026-06-08 20:07:51.071977
CASE00429,AML,Fraud Case 429,Synthetic fraud pattern,Shared devices and beneficiaries,Generated case,"Customers, Devices","Velocity, sanctions",Blocked,AML-429,2026-06-08 20:07:51.071977
CASE00430,Card,Fraud Case 430,Synthetic fraud pattern,Shared devices and beneficiaries,Generated case,"Customers, Devices","Velocity, sanctions",Blocked,AML-430,2026-06-08 20:07:51.071977
CASE00431,Card,Fraud Case 431,Synthetic fraud pattern,Shared devices and beneficiaries,Generated case,"Customers, Devices","Velocity, sanctions",Blocked,AML-431,2026-06-08 20:07:51.071977
CASE00432,Card,Fraud Case 432,Synthetic fraud pattern,Shared devices and beneficiaries,Generated case,"Customers, Devices","Velocity, sanctions",Blocked,AML-432,2026-06-08 20:07:51.071977
CASE00433,Mule,Fraud Case 433,Synthetic fraud pattern,Shared devices and beneficiaries,Generated case,"Customers, Devices","Velocity, sanctions",Blocked,AML-433,2026-06-08 20:07:51.071977
CASE00434,AML,Fraud Case 434,Synthetic fraud pattern,Shared devices and beneficiaries,Generated case,"Customers, Devices","Velocity, sanctions",Blocked,AML-434,2026-06-08 20:07:51.071977
CASE00435,Card,Fraud Case 435,Synthetic fraud pattern,Shared devices and beneficiaries,Generated case,"Customers, Devices","Velocity, sanctions",Blocked,AML-435,2026-06-08 20:07:51.071977
CASE00436,AML,Fraud Case 436,Synthetic fraud pattern,Shared devices and beneficiaries,Generated case,"Customers, Devices","Velocity, sanctions",Blocked,AML-436,2026-06-08 20:07:51.071977
CASE00437,AML,Fraud Case 437,Synthetic fraud pattern,Shared devices and beneficiaries,Generated case,"Customers, Devices","Velocity, sanctions",Blocked,AML-437,2026-06-08 20:07:51.071977
CASE00438,Mule,Fraud Case 438,Synthetic fraud pattern,Shared devices and beneficiaries,Generated case,"Customers, Devices","Velocity, sanctions",Blocked,AML-438,2026-06-08 20:07:51.071977
CASE00439,Card,Fraud Case 439,Synthetic fraud pattern,Shared devices and beneficiaries,Generated case,"Customers, Devices","Velocity, sanctions",Blocked,AML-439,2026-06-08 20:07:51.071977
CASE00440,AML,Fraud Case 440,Synthetic fraud pattern,Shared devices and beneficiaries,Generated case,"Customers, Devices","Velocity, sanctions",Blocked,AML-440,2026-06-08 20:07:51.071977
CASE00441,AML,Fraud Case 441,Synthetic fraud pattern,Shared devices and beneficiaries,Generated case,"Customers, Devices","Velocity, sanctions",Blocked,AML-441,2026-06-08 20:07:51.071977
CASE00442,Mule,Fraud Case 442,Synthetic fraud pattern,Shared devices and beneficiaries,Generated case,"Customers, Devices","Velocity, sanctions",Blocked,AML-442,2026-06-08 20:07:51.071977
CASE00443,Mule,Fraud Case 443,Synthetic fraud pattern,Shared devices and beneficiaries,Generated case,"Customers, Devices","Velocity, sanctions",Blocked,AML-443,2026-06-08 20:07:51.071977
CASE00444,Mule,Fraud Case 444,Synthetic fraud pattern,Shared devices and beneficiaries,Generated case,"Customers, Devices","Velocity, sanctions",Blocked,AML-444,2026-06-08 20:07:51.071977
CASE00445,ATO,Fraud Case 445,Synthetic fraud pattern,Shared devices and beneficiaries,Generated case,"Customers, Devices","Velocity, sanctions",Blocked,AML-445,2026-06-08 20:07:51.071977
CASE00446,Card,Fraud Case 446,Synthetic fraud pattern,Shared devices and beneficiaries,Generated case,"Customers, Devices","Velocity, sanctions",Blocked,AML-446,2026-06-08 20:07:51.071977
CASE00447,AML,Fraud Case 447,Synthetic fraud pattern,Shared devices and beneficiaries,Generated case,"Customers, Devices","Velocity, sanctions",Blocked,AML-447,2026-06-08 20:07:51.071977
CASE00448,AML,Fraud Case 448,Synthetic fraud pattern,Shared devices and beneficiaries,Generated case,"Customers, Devices","Velocity, sanctions",Blocked,AML-448,2026-06-08 20:07:51.071977
CASE00449,Mule,Fraud Case 449,Synthetic fraud pattern,Shared devices and beneficiaries,Generated case,"Customers, Devices","Velocity, sanctions",Blocked,AML-449,2026-06-08 20:07:51.071977
CASE00450,Mule,Fraud Case 450,Synthetic fraud pattern,Shared devices and beneficiaries,Generated case,"Customers, Devices","Velocity, sanctions",Blocked,AML-450,2026-06-08 20:07:51.071977
CASE00451,ATO,Fraud Case 451,Synthetic fraud pattern,Shared devices and beneficiaries,Generated case,"Customers, Devices","Velocity, sanctions",Blocked,AML-451,2026-06-08 20:07:51.071977
CASE00452,ATO,Fraud Case 452,Synthetic fraud pattern,Shared devices and beneficiaries,Generated case,"Customers, Devices","Velocity, sanctions",Blocked,AML-452,2026-06-08 20:07:51.071977
CASE00453,Mule,Fraud Case 453,Synthetic fraud pattern,Shared devices and beneficiaries,Generated case,"Customers, Devices","Velocity, sanctions",Blocked,AML-453,2026-06-08 20:07:51.071977
CASE00454,Mule,Fraud Case 454,Synthetic fraud pattern,Shared devices and beneficiaries,Generated case,"Customers, Devices","Velocity, sanctions",Blocked,AML-454,2026-06-08 20:07:51.071977
CASE00455,AML,Fraud Case 455,Synthetic fraud pattern,Shared devices and beneficiaries,Generated case,"Customers, Devices","Velocity, sanctions",Blocked,AML-455,2026-06-08 20:07:51.071977
CASE00456,Mule,Fraud Case 456,Synthetic fraud pattern,Shared devices and beneficiaries,Generated case,"Customers, Devices","Velocity, sanctions",Blocked,AML-456,2026-06-08 20:07:51.071977
CASE00457,Card,Fraud Case 457,Synthetic fraud pattern,Shared devices and beneficiaries,Generated case,"Customers, Devices","Velocity, sanctions",Blocked,AML-457,2026-06-08 20:07:51.071977
CASE00458,Card,Fraud Case 458,Synthetic fraud pattern,Shared devices and beneficiaries,Generated case,"Customers, Devices","Velocity, sanctions",Blocked,AML-458,2026-06-08 20:07:51.071977
CASE00459,AML,Fraud Case 459,Synthetic fraud pattern,Shared devices and beneficiaries,Generated case,"Customers, Devices","Velocity, sanctions",Blocked,AML-459,2026-06-08 20:07:51.071977
CASE00460,AML,Fraud Case 460,Synthetic fraud pattern,Shared devices and beneficiaries,Generated case,"Customers, Devices","Velocity, sanctions",Blocked,AML-460,2026-06-08 20:07:51.071977
CASE00461,AML,Fraud Case 461,Synthetic fraud pattern,Shared devices and beneficiaries,Generated case,"Customers, Devices","Velocity, sanctions",Blocked,AML-461,2026-06-08 20:07:51.071977
CASE00462,Mule,Fraud Case 462,Synthetic fraud pattern,Shared devices and beneficiaries,Generated case,"Customers, Devices","Velocity, sanctions",Blocked,AML-462,2026-06-08 20:07:51.071977
CASE00463,Card,Fraud Case 463,Synthetic fraud pattern,Shared devices and beneficiaries,Generated case,"Customers, Devices","Velocity, sanctions",Blocked,AML-463,2026-06-08 20:07:51.071977
CASE00464,AML,Fraud Case 464,Synthetic fraud pattern,Shared devices and beneficiaries,Generated case,"Customers, Devices","Velocity, sanctions",Blocked,AML-464,2026-06-08 20:07:51.071977
CASE00465,AML,Fraud Case 465,Synthetic fraud pattern,Shared devices and beneficiaries,Generated case,"Customers, Devices","Velocity, sanctions",Blocked,AML-465,2026-06-08 20:07:51.071977
CASE00466,ATO,Fraud Case 466,Synthetic fraud pattern,Shared devices and beneficiaries,Generated case,"Customers, Devices","Velocity, sanctions",Blocked,AML-466,2026-06-08 20:07:51.071977
CASE00467,ATO,Fraud Case 467,Synthetic fraud pattern,Shared devices and beneficiaries,Generated case,"Customers, Devices","Velocity, sanctions",Blocked,AML-467,2026-06-08 20:07:51.071977
CASE00468,AML,Fraud Case 468,Synthetic fraud pattern,Shared devices and beneficiaries,Generated case,"Customers, Devices","Velocity, sanctions",Blocked,AML-468,2026-06-08 20:07:51.071977
CASE00469,Card,Fraud Case 469,Synthetic fraud pattern,Shared devices and beneficiaries,Generated case,"Customers, Devices","Velocity, sanctions",Blocked,AML-469,2026-06-08 20:07:51.071977
CASE00470,Mule,Fraud Case 470,Synthetic fraud pattern,Shared devices and beneficiaries,Generated case,"Customers, Devices","Velocity, sanctions",Blocked,AML-470,2026-06-08 20:07:51.071977
CASE00471,ATO,Fraud Case 471,Synthetic fraud pattern,Shared devices and beneficiaries,Generated case,"Customers, Devices","Velocity, sanctions",Blocked,AML-471,2026-06-08 20:07:51.071977
CASE00472,ATO,Fraud Case 472,Synthetic fraud pattern,Shared devices and beneficiaries,Generated case,"Customers, Devices","Velocity, sanctions",Blocked,AML-472,2026-06-08 20:07:51.071977
CASE00473,Card,Fraud Case 473,Synthetic fraud pattern,Shared devices and beneficiaries,Generated case,"Customers, Devices","Velocity, sanctions",Blocked,AML-473,2026-06-08 20:07:51.071977
CASE00474,ATO,Fraud Case 474,Synthetic fraud pattern,Shared devices and beneficiaries,Generated case,"Customers, Devices","Velocity, sanctions",Blocked,AML-474,2026-06-08 20:07:51.071977
CASE00475,Card,Fraud Case 475,Synthetic fraud pattern,Shared devices and beneficiaries,Generated case,"Customers, Devices","Velocity, sanctions",Blocked,AML-475,2026-06-08 20:07:51.071977
CASE00476,Card,Fraud Case 476,Synthetic fraud pattern,Shared devices and beneficiaries,Generated case,"Customers, Devices","Velocity, sanctions",Blocked,AML-476,2026-06-08 20:07:51.071977
CASE00477,Mule,Fraud Case 477,Synthetic fraud pattern,Shared devices and beneficiaries,Generated case,"Customers, Devices","Velocity, sanctions",Blocked,AML-477,2026-06-08 20:07:51.071977
CASE00478,Mule,Fraud Case 478,Synthetic fraud pattern,Shared devices and beneficiaries,Generated case,"Customers, Devices","Velocity, sanctions",Blocked,AML-478,2026-06-08 20:07:51.071977
CASE00479,Card,Fraud Case 479,Synthetic fraud pattern,Shared devices and beneficiaries,Generated case,"Customers, Devices","Velocity, sanctions",Blocked,AML-479,2026-06-08 20:07:51.071977
CASE00480,Card,Fraud Case 480,Synthetic fraud pattern,Shared devices and beneficiaries,Generated case,"Customers, Devices","Velocity, sanctions",Blocked,AML-480,2026-06-08 20:07:51.071977
CASE00481,Card,Fraud Case 481,Synthetic fraud pattern,Shared devices and beneficiaries,Generated case,"Customers, Devices","Velocity, sanctions",Blocked,AML-481,2026-06-08 20:07:51.071977
CASE00482,ATO,Fraud Case 482,Synthetic fraud pattern,Shared devices and beneficiaries,Generated case,"Customers, Devices","Velocity, sanctions",Blocked,AML-482,2026-06-08 20:07:51.071977
CASE00483,Mule,Fraud Case 483,Synthetic fraud pattern,Shared devices and beneficiaries,Generated case,"Customers, Devices","Velocity, sanctions",Blocked,AML-483,2026-06-08 20:07:51.071977
CASE00484,Card,Fraud Case 484,Synthetic fraud pattern,Shared devices and beneficiaries,Generated case,"Customers, Devices","Velocity, sanctions",Blocked,AML-484,2026-06-08 20:07:51.071977
CASE00485,ATO,Fraud Case 485,Synthetic fraud pattern,Shared devices and beneficiaries,Generated case,"Customers, Devices","Velocity, sanctions",Blocked,AML-485,2026-06-08 20:07:51.071977
CASE00486,Mule,Fraud Case 486,Synthetic fraud pattern,Shared devices and beneficiaries,Generated case,"Customers, Devices","Velocity, sanctions",Blocked,AML-486,2026-06-08 20:07:51.071977
CASE00487,Card,Fraud Case 487,Synthetic fraud pattern,Shared devices and beneficiaries,Generated case,"Customers, Devices","Velocity, sanctions",Blocked,AML-487,2026-06-08 20:07:51.071977
CASE00488,ATO,Fraud Case 488,Synthetic fraud pattern,Shared devices and beneficiaries,Generated case,"Customers, Devices","Velocity, sanctions",Blocked,AML-488,2026-06-08 20:07:51.071977
CASE00489,Mule,Fraud Case 489,Synthetic fraud pattern,Shared devices and beneficiaries,Generated case,"Customers, Devices","Velocity, sanctions",Blocked,AML-489,2026-06-08 20:07:51.071977
CASE00490,AML,Fraud Case 490,Synthetic fraud pattern,Shared devices and beneficiaries,Generated case,"Customers, Devices","Velocity, sanctions",Blocked,AML-490,2026-06-08 20:07:51.071977
CASE00491,AML,Fraud Case 491,Synthetic fraud pattern,Shared devices and beneficiaries,Generated case,"Customers, Devices","Velocity, sanctions",Blocked,AML-491,2026-06-08 20:07:51.071977
CASE00492,Card,Fraud Case 492,Synthetic fraud pattern,Shared devices and beneficiaries,Generated case,"Customers, Devices","Velocity, sanctions",Blocked,AML-492,2026-06-08 20:07:51.071977
CASE00493,Mule,Fraud Case 493,Synthetic fraud pattern,Shared devices and beneficiaries,Generated case,"Customers, Devices","Velocity, sanctions",Blocked,AML-493,2026-06-08 20:07:51.071977
CASE00494,Card,Fraud Case 494,Synthetic fraud pattern,Shared devices and beneficiaries,Generated case,"Customers, Devices","Velocity, sanctions",Blocked,AML-494,2026-06-08 20:07:51.071977
CASE00495,Mule,Fraud Case 495,Synthetic fraud pattern,Shared devices and beneficiaries,Generated case,"Customers, Devices","Velocity, sanctions",Blocked,AML-495,2026-06-08 20:07:51.071977
CASE00496,ATO,Fraud Case 496,Synthetic fraud pattern,Shared devices and beneficiaries,Generated case,"Customers, Devices","Velocity, sanctions",Blocked,AML-496,2026-06-08 20:07:51.071977
CASE00497,AML,Fraud Case 497,Synthetic fraud pattern,Shared devices and beneficiaries,Generated case,"Customers, Devices","Velocity, sanctions",Blocked,AML-497,2026-06-08 20:07:51.071977
CASE00498,Card,Fraud Case 498,Synthetic fraud pattern,Shared devices and beneficiaries,Generated case,"Customers, Devices","Velocity, sanctions",Blocked,AML-498,2026-06-08 20:07:51.071977
CASE00499,Mule,Fraud Case 499,Synthetic fraud pattern,Shared devices and beneficiaries,Generated case,"Customers, Devices","Velocity, sanctions",Blocked,AML-499,2026-06-08 20:07:51.071977
